[{"model": "admin.logentry", "pk": 1, "fields": {"action_time": "2024-12-13T13:34:41.078Z", "user": 1, "content_type": 7, "object_id": "1", "object_repr": "aitor Profile", "action_flag": 1, "change_message": "[{\"added\": {}}]"}}, {"model": "admin.logentry", "pk": 2, "fields": {"action_time": "2024-12-24T09:52:43.373Z", "user": 1, "content_type": 12, "object_id": "1", "object_repr": "Google OAuth", "action_flag": 1, "change_message": "[{\"added\": {}}]"}}, {"model": "admin.logentry", "pk": 3, "fields": {"action_time": "2024-12-24T09:55:59.268Z", "user": 1, "content_type": 8, "object_id": "1", "object_repr": "example.com", "action_flag": 3, "change_message": ""}}, {"model": "admin.logentry", "pk": 4, "fields": {"action_time": "2024-12-24T09:56:13.178Z", "user": 1, "content_type": 8, "object_id": "2", "object_repr": "localhost", "action_flag": 1, "change_message": "[{\"added\": {}}]"}}, {"model": "admin.logentry", "pk": 5, "fields": {"action_time": "2024-12-24T09:56:21.190Z", "user": 1, "content_type": 12, "object_id": "1", "object_repr": "Google OAuth", "action_flag": 2, "change_message": "[]"}}, {"model": "admin.logentry", "pk": 6, "fields": {"action_time": "2024-12-24T09:59:31.836Z", "user": 1, "content_type": 8, "object_id": "2", "object_repr": "localhost", "action_flag": 3, "change_message": ""}}, {"model": "admin.logentry", "pk": 7, "fields": {"action_time": "2024-12-24T09:59:39.570Z", "user": 1, "content_type": 12, "object_id": "1", "object_repr": "Google OAuth", "action_flag": 2, "change_message": "[]"}}, {"model": "admin.logentry", "pk": 8, "fields": {"action_time": "2024-12-24T10:00:37.421Z", "user": 1, "content_type": 12, "object_id": "1", "object_repr": "Google OAuth", "action_flag": 3, "change_message": ""}}, {"model": "admin.logentry", "pk": 9, "fields": {"action_time": "2024-12-24T10:09:40.883Z", "user": 1, "content_type": 11, "object_id": "1", "object_repr": "aitor2", "action_flag": 3, "change_message": ""}}, {"model": "admin.logentry", "pk": 10, "fields": {"action_time": "2024-12-24T10:25:15.614Z", "user": 1, "content_type": 4, "object_id": "5", "object_repr": "aitor2", "action_flag": 3, "change_message": ""}}, {"model": "admin.logentry", "pk": 11, "fields": {"action_time": "2024-12-24T10:25:22.081Z", "user": 1, "content_type": 4, "object_id": "4", "object_repr": "monica", "action_flag": 3, "change_message": ""}}, {"model": "admin.logentry", "pk": 12, "fields": {"action_time": "2024-12-24T10:35:13.280Z", "user": 1, "content_type": 11, "object_id": "2", "object_repr": "agg", "action_flag": 3, "change_message": ""}}, {"model": "admin.logentry", "pk": 13, "fields": {"action_time": "2024-12-24T10:36:18.964Z", "user": 1, "content_type": 11, "object_id": "3", "object_repr": "aitor1", "action_flag": 3, "change_message": ""}}, {"model": "admin.logentry", "pk": 14, "fields": {"action_time": "2024-12-24T10:37:15.845Z", "user": 1, "content_type": 4, "object_id": "7", "object_repr": "aitor1", "action_flag": 3, "change_message": ""}}, {"model": "admin.logentry", "pk": 15, "fields": {"action_time": "2024-12-24T10:44:05.814Z", "user": 1, "content_type": 11, "object_id": "4", "object_repr": "aitor0", "action_flag": 3, "change_message": ""}}, {"model": "admin.logentry", "pk": 16, "fields": {"action_time": "2024-12-24T10:44:14.777Z", "user": 1, "content_type": 4, "object_id": "3", "object_repr": "prueba", "action_flag": 3, "change_message": ""}}, {"model": "admin.logentry", "pk": 17, "fields": {"action_time": "2024-12-24T10:44:19.651Z", "user": 1, "content_type": 4, "object_id": "8", "object_repr": "aitor0", "action_flag": 3, "change_message": ""}}, {"model": "admin.logentry", "pk": 18, "fields": {"action_time": "2024-12-24T10:44:26.245Z", "user": 1, "content_type": 4, "object_id": "6", "object_repr": "agg", "action_flag": 3, "change_message": ""}}, {"model": "admin.logentry", "pk": 19, "fields": {"action_time": "2024-12-24T10:44:32.233Z", "user": 1, "content_type": 4, "object_id": "2", "object_repr": "ag", "action_flag": 3, "change_message": ""}}, {"model": "admin.logentry", "pk": 20, "fields": {"action_time": "2024-12-26T17:25:18.879Z", "user": 1, "content_type": 4, "object_id": "12", "object_repr": "Monica123", "action_flag": 3, "change_message": ""}}, {"model": "admin.logentry", "pk": 21, "fields": {"action_time": "2024-12-26T17:27:07.765Z", "user": 1, "content_type": 4, "object_id": "9", "object_repr": "aitor0", "action_flag": 3, "change_message": ""}}, {"model": "admin.logentry", "pk": 22, "fields": {"action_time": "2024-12-26T17:27:12.347Z", "user": 1, "content_type": 4, "object_id": "14", "object_repr": "monica123", "action_flag": 3, "change_message": ""}}, {"model": "admin.logentry", "pk": 23, "fields": {"action_time": "2024-12-26T17:27:16.511Z", "user": 1, "content_type": 4, "object_id": "10", "object_repr": "pablo", "action_flag": 3, "change_message": ""}}, {"model": "admin.logentry", "pk": 24, "fields": {"action_time": "2024-12-26T17:27:21.817Z", "user": 1, "content_type": 4, "object_id": "13", "object_repr": "plp", "action_flag": 3, "change_message": ""}}, {"model": "admin.logentry", "pk": 25, "fields": {"action_time": "2024-12-26T17:27:26.014Z", "user": 1, "content_type": 4, "object_id": "11", "object_repr": "skylimit", "action_flag": 3, "change_message": ""}}, {"model": "admin.logentry", "pk": 26, "fields": {"action_time": "2024-12-27T19:21:55.408Z", "user": 1, "content_type": 7, "object_id": "18", "object_repr": "Patricia Profile", "action_flag": 3, "change_message": ""}}, {"model": "admin.logentry", "pk": 27, "fields": {"action_time": "2024-12-27T19:22:05.910Z", "user": 1, "content_type": 7, "object_id": "17", "object_repr": "patricia Profile", "action_flag": 3, "change_message": ""}}, {"model": "admin.logentry", "pk": 28, "fields": {"action_time": "2024-12-27T19:22:24.733Z", "user": 1, "content_type": 4, "object_id": "16", "object_repr": "patricia", "action_flag": 3, "change_message": ""}}, {"model": "admin.logentry", "pk": 29, "fields": {"action_time": "2024-12-27T19:22:30.281Z", "user": 1, "content_type": 4, "object_id": "18", "object_repr": "Patricia", "action_flag": 3, "change_message": ""}}, {"model": "admin.logentry", "pk": 30, "fields": {"action_time": "2024-12-29T20:02:18.631Z", "user": 1, "content_type": 15, "object_id": "6", "object_repr": "Futbol", "action_flag": 2, "change_message": "[{\"changed\": {\"fields\": [\"Imagen\"]}}]"}}, {"model": "admin.logentry", "pk": 31, "fields": {"action_time": "2024-12-29T20:03:37.281Z", "user": 1, "content_type": 15, "object_id": "7", "object_repr": "hola", "action_flag": 3, "change_message": ""}}, {"model": "admin.logentry", "pk": 32, "fields": {"action_time": "2024-12-29T20:19:42.854Z", "user": 1, "content_type": 15, "object_id": "8", "object_repr": "crossfit", "action_flag": 3, "change_message": ""}}, {"model": "admin.logentry", "pk": 33, "fields": {"action_time": "2024-12-29T20:19:47.531Z", "user": 1, "content_type": 15, "object_id": "6", "object_repr": "Futbol", "action_flag": 3, "change_message": ""}}, {"model": "admin.logentry", "pk": 34, "fields": {"action_time": "2025-01-02T18:43:40.656Z", "user": 1, "content_type": 17, "object_id": "1", "object_repr": "Surf islares", "action_flag": 3, "change_message": ""}}, {"model": "admin.logentry", "pk": 35, "fields": {"action_time": "2025-01-03T12:32:10.767Z", "user": 1, "content_type": 17, "object_id": "3", "object_repr": "snow", "action_flag": 2, "change_message": "[{\"changed\": {\"fields\": [\"Imagen\"]}}]"}}, {"model": "admin.logentry", "pk": 36, "fields": {"action_time": "2025-01-03T12:33:28.878Z", "user": 1, "content_type": 17, "object_id": "4", "object_repr": "snow2", "action_flag": 3, "change_message": ""}}, {"model": "admin.logentry", "pk": 37, "fields": {"action_time": "2025-01-03T12:46:23.563Z", "user": 1, "content_type": 17, "object_id": "5", "object_repr": "snow3", "action_flag": 3, "change_message": ""}}, {"model": "admin.logentry", "pk": 38, "fields": {"action_time": "2025-01-03T12:46:27.484Z", "user": 1, "content_type": 17, "object_id": "6", "object_repr": "aa", "action_flag": 3, "change_message": ""}}, {"model": "admin.logentry", "pk": 39, "fields": {"action_time": "2025-01-09T17:50:01.855Z", "user": 1, "content_type": 4, "object_id": "25", "object_repr": "miriam", "action_flag": 3, "change_message": ""}}, {"model": "admin.logentry", "pk": 40, "fields": {"action_time": "2025-01-09T17:50:08.964Z", "user": 1, "content_type": 4, "object_id": "24", "object_repr": "oscar", "action_flag": 3, "change_message": ""}}, {"model": "admin.logentry", "pk": 41, "fields": {"action_time": "2025-01-09T18:59:55.144Z", "user": 1, "content_type": 4, "object_id": "20", "object_repr": "fitnnestor", "action_flag": 3, "change_message": ""}}, {"model": "admin.logentry", "pk": 42, "fields": {"action_time": "2025-01-09T19:00:02.023Z", "user": 1, "content_type": 4, "object_id": "26", "object_repr": "oscar1234", "action_flag": 3, "change_message": ""}}, {"model": "admin.logentry", "pk": 43, "fields": {"action_time": "2025-01-09T19:07:34.378Z", "user": 1, "content_type": 14, "object_id": "9", "object_repr": "oscar g - Pendiente de aprobaci贸n", "action_flag": 3, "change_message": ""}}, {"model": "admin.logentry", "pk": 44, "fields": {"action_time": "2025-01-09T19:07:44.629Z", "user": 1, "content_type": 4, "object_id": "27", "object_repr": "oscar", "action_flag": 3, "change_message": ""}}, {"model": "admin.logentry", "pk": 45, "fields": {"action_time": "2025-01-10T18:36:27.867Z", "user": 1, "content_type": 26, "object_id": "2", "object_repr": "monica - Andar 50 mil pasos - 30000.0 kil贸metros", "action_flag": 3, "change_message": ""}}, {"model": "admin.logentry", "pk": 46, "fields": {"action_time": "2025-01-10T18:36:31.977Z", "user": 1, "content_type": 26, "object_id": "1", "object_repr": "aitor - Andar 50 mil pasos - 10.0 kil贸metros", "action_flag": 3, "change_message": ""}}, {"model": "admin.logentry", "pk": 47, "fields": {"action_time": "2025-01-11T13:12:17.982Z", "user": 1, "content_type": 27, "object_id": "5", "object_repr": "Nadar 10 km", "action_flag": 2, "change_message": "[{\"changed\": {\"fields\": [\"Creador\"]}}]"}}, {"model": "admin.logentry", "pk": 48, "fields": {"action_time": "2025-01-11T13:12:24.030Z", "user": 1, "content_type": 27, "object_id": "4", "object_repr": "Saltar a la comba", "action_flag": 2, "change_message": "[{\"changed\": {\"fields\": [\"Creador\"]}}]"}}, {"model": "admin.logentry", "pk": 49, "fields": {"action_time": "2025-01-11T13:12:27.293Z", "user": 1, "content_type": 27, "object_id": "4", "object_repr": "Saltar a la comba", "action_flag": 2, "change_message": "[]"}}, {"model": "admin.logentry", "pk": 50, "fields": {"action_time": "2025-01-11T13:12:34.636Z", "user": 1, "content_type": 27, "object_id": "6", "object_repr": "dfhd", "action_flag": 2, "change_message": "[{\"changed\": {\"fields\": [\"Creador\"]}}]"}}, {"model": "admin.logentry", "pk": 51, "fields": {"action_time": "2025-01-11T13:20:54.068Z", "user": 1, "content_type": 27, "object_id": "1", "object_repr": "Andar 50 mil pasos", "action_flag": 2, "change_message": "[{\"changed\": {\"fields\": [\"Creador\"]}}]"}}, {"model": "admin.logentry", "pk": 52, "fields": {"action_time": "2025-01-11T13:21:00.837Z", "user": 1, "content_type": 27, "object_id": "2", "object_repr": "Correr 50 km", "action_flag": 2, "change_message": "[{\"changed\": {\"fields\": [\"Creador\"]}}]"}}, {"model": "admin.logentry", "pk": 53, "fields": {"action_time": "2025-01-11T13:21:06.632Z", "user": 1, "content_type": 27, "object_id": "3", "object_repr": "Hacer 20 burpees", "action_flag": 2, "change_message": "[{\"changed\": {\"fields\": [\"Creador\"]}}]"}}, {"model": "admin.logentry", "pk": 54, "fields": {"action_time": "2025-01-11T13:22:27.217Z", "user": 1, "content_type": 26, "object_id": "8", "object_repr": "Patricia - Andar 50 mil pasos - 0 kil贸metros", "action_flag": 3, "change_message": ""}}, {"model": "admin.logentry", "pk": 55, "fields": {"action_time": "2025-01-11T18:45:35.129Z", "user": 1, "content_type": 27, "object_id": "1", "object_repr": "Andar 50 mil pasos", "action_flag": 2, "change_message": "[{\"changed\": {\"fields\": [\"Fecha inicio\", \"Fecha fin\"]}}]"}}, {"model": "admin.logentry", "pk": 56, "fields": {"action_time": "2025-01-11T19:10:57.317Z", "user": 1, "content_type": 26, "object_id": "12", "object_repr": "aitor - Hacer 20 burpees - 0 kil贸metros", "action_flag": 3, "change_message": ""}}, {"model": "admin.logentry", "pk": 57, "fields": {"action_time": "2025-01-11T19:11:01.396Z", "user": 1, "content_type": 26, "object_id": "11", "object_repr": "juan - Correr 50 km - 0 kil贸metros", "action_flag": 3, "change_message": ""}}, {"model": "admin.logentry", "pk": 58, "fields": {"action_time": "2025-01-11T19:12:58.696Z", "user": 1, "content_type": 26, "object_id": "13", "object_repr": "aitor - Hacer 20 burpees - 0 kil贸metros", "action_flag": 3, "change_message": ""}}, {"model": "admin.logentry", "pk": 59, "fields": {"action_time": "2025-01-11T19:33:55.759Z", "user": 1, "content_type": 28, "object_id": "1", "object_repr": "Notificaci贸n para aitor: 隆Genial! Has alcanzado el 50% del objetivo en el reto 'Correr 50 km'.", "action_flag": 3, "change_message": ""}}, {"model": "admin.logentry", "pk": 60, "fields": {"action_time": "2025-01-11T19:33:59.708Z", "user": 1, "content_type": 28, "object_id": "2", "object_repr": "Notificaci贸n para aitor: 隆Felicidades! Has completado el reto 'Correr 50 km'.", "action_flag": 3, "change_message": ""}}, {"model": "admin.logentry", "pk": 61, "fields": {"action_time": "2025-01-11T19:34:03.144Z", "user": 1, "content_type": 28, "object_id": "3", "object_repr": "Notificaci贸n para aitor: 隆Genial! Has alcanzado el 50% del objetivo en el reto 'Hacer 20 burpees'.", "action_flag": 3, "change_message": ""}}, {"model": "admin.logentry", "pk": 62, "fields": {"action_time": "2025-01-11T19:34:06.313Z", "user": 1, "content_type": 28, "object_id": "4", "object_repr": "Notificaci贸n para aitor: 隆Felicidades! Has completado el reto 'Hacer 20 burpees'.", "action_flag": 3, "change_message": ""}}, {"model": "admin.logentry", "pk": 63, "fields": {"action_time": "2025-01-11T21:00:17.394Z", "user": 1, "content_type": 7, "object_id": "22", "object_repr": "juan Profile", "action_flag": 2, "change_message": "[{\"changed\": {\"fields\": [\"Avatar\"]}}]"}}, {"model": "admin.logentry", "pk": 64, "fields": {"action_time": "2025-01-20T17:33:11.046Z", "user": 1, "content_type": 27, "object_id": "8", "object_repr": "Andar 100 mil pasos", "action_flag": 2, "change_message": "[{\"changed\": {\"fields\": [\"Fecha inicio\"]}}]"}}, {"model": "admin.logentry", "pk": 65, "fields": {"action_time": "2025-01-20T17:40:55.777Z", "user": 1, "content_type": 27, "object_id": "1", "object_repr": "Andar 50 mil pasos", "action_flag": 2, "change_message": "[{\"changed\": {\"fields\": [\"Fecha inicio\", \"Fecha fin\"]}}]"}}, {"model": "admin.logentry", "pk": 66, "fields": {"action_time": "2025-01-20T17:45:03.643Z", "user": 1, "content_type": 27, "object_id": "1", "object_repr": "Andar 50 mil pasos", "action_flag": 2, "change_message": "[{\"changed\": {\"fields\": [\"Fecha inicio\"]}}]"}}, {"model": "admin.logentry", "pk": 67, "fields": {"action_time": "2025-01-20T17:45:22.627Z", "user": 1, "content_type": 27, "object_id": "8", "object_repr": "Andar 100 mil pasos", "action_flag": 2, "change_message": "[{\"changed\": {\"fields\": [\"Fecha inicio\"]}}]"}}, {"model": "admin.logentry", "pk": 68, "fields": {"action_time": "2025-01-22T18:28:44.927Z", "user": 1, "content_type": 12, "object_id": "2", "object_repr": "Google App", "action_flag": 2, "change_message": "[{\"changed\": {\"fields\": [\"Client id\", \"Secret key\"]}}]"}}, {"model": "admin.logentry", "pk": 69, "fields": {"action_time": "2025-01-22T18:29:41.628Z", "user": 1, "content_type": 11, "object_id": "8", "object_repr": "aitor4", "action_flag": 3, "change_message": ""}}, {"model": "admin.logentry", "pk": 70, "fields": {"action_time": "2025-01-22T18:29:44.849Z", "user": 1, "content_type": 11, "object_id": "7", "object_repr": "skylimit", "action_flag": 3, "change_message": ""}}, {"model": "admin.logentry", "pk": 71, "fields": {"action_time": "2025-01-22T18:42:40.471Z", "user": 1, "content_type": 4, "object_id": "31", "object_repr": "aitor4", "action_flag": 3, "change_message": ""}}, {"model": "admin.logentry", "pk": 72, "fields": {"action_time": "2025-01-22T18:49:13.762Z", "user": 1, "content_type": 11, "object_id": "9", "object_repr": "aitor7", "action_flag": 3, "change_message": ""}}, {"model": "admin.logentry", "pk": 73, "fields": {"action_time": "2025-01-22T18:49:20.264Z", "user": 1, "content_type": 4, "object_id": "32", "object_repr": "aitor7", "action_flag": 3, "change_message": ""}}, {"model": "admin.logentry", "pk": 74, "fields": {"action_time": "2025-01-22T18:53:17.549Z", "user": 1, "content_type": 11, "object_id": "10", "object_repr": "aitor8", "action_flag": 3, "change_message": ""}}, {"model": "admin.logentry", "pk": 75, "fields": {"action_time": "2025-01-22T18:53:24.051Z", "user": 1, "content_type": 4, "object_id": "33", "object_repr": "aitor8", "action_flag": 3, "change_message": ""}}, {"model": "admin.logentry", "pk": 76, "fields": {"action_time": "2025-01-22T19:00:54.715Z", "user": 1, "content_type": 11, "object_id": "11", "object_repr": "aitor7", "action_flag": 3, "change_message": ""}}, {"model": "admin.logentry", "pk": 77, "fields": {"action_time": "2025-01-22T19:01:02.927Z", "user": 1, "content_type": 4, "object_id": "34", "object_repr": "aitor7", "action_flag": 3, "change_message": ""}}, {"model": "admin.logentry", "pk": 78, "fields": {"action_time": "2025-01-22T19:01:20.207Z", "user": 1, "content_type": 4, "object_id": "15", "object_repr": "skylimit", "action_flag": 3, "change_message": ""}}, {"model": "admin.logentry", "pk": 79, "fields": {"action_time": "2025-01-23T18:47:49.593Z", "user": 1, "content_type": 29, "object_id": "2", "object_repr": "aitor - Bajar 10 kilos para verano - 2025-01-24", "action_flag": 3, "change_message": ""}}, {"model": "admin.logentry", "pk": 80, "fields": {"action_time": "2025-01-24T17:16:17.242Z", "user": 1, "content_type": 29, "object_id": "3", "object_repr": "aitor - Correr un kilometro mas cada dia - 2025-01-23", "action_flag": 3, "change_message": ""}}, {"model": "admin.logentry", "pk": 81, "fields": {"action_time": "2025-01-24T17:16:21.734Z", "user": 1, "content_type": 29, "object_id": "4", "object_repr": "aitor - Correr un kilometro mas cada dia - 2025-01-23", "action_flag": 3, "change_message": ""}}, {"model": "admin.logentry", "pk": 82, "fields": {"action_time": "2025-01-24T18:08:15.107Z", "user": 1, "content_type": 30, "object_id": "9", "object_repr": "aitor - Andar 50 mil pasos", "action_flag": 3, "change_message": ""}}, {"model": "admin.logentry", "pk": 83, "fields": {"action_time": "2025-01-24T18:08:18.690Z", "user": 1, "content_type": 30, "object_id": "8", "object_repr": "aitor - Andar 50 mil pasos", "action_flag": 3, "change_message": ""}}, {"model": "admin.logentry", "pk": 84, "fields": {"action_time": "2025-01-24T18:08:22.402Z", "user": 1, "content_type": 30, "object_id": "7", "object_repr": "aitor - Andar 50 mil pasos", "action_flag": 3, "change_message": ""}}, {"model": "admin.logentry", "pk": 85, "fields": {"action_time": "2025-01-24T18:08:26.064Z", "user": 1, "content_type": 30, "object_id": "6", "object_repr": "aitor - Andar 50 mil pasos", "action_flag": 3, "change_message": ""}}, {"model": "admin.logentry", "pk": 86, "fields": {"action_time": "2025-01-24T18:08:29.906Z", "user": 1, "content_type": 30, "object_id": "5", "object_repr": "aitor - Andar 50 mil pasos", "action_flag": 3, "change_message": ""}}, {"model": "admin.logentry", "pk": 87, "fields": {"action_time": "2025-01-24T18:08:34.234Z", "user": 1, "content_type": 30, "object_id": "4", "object_repr": "aitor - Andar 50 mil pasos", "action_flag": 3, "change_message": ""}}, {"model": "admin.logentry", "pk": 88, "fields": {"action_time": "2025-01-24T18:15:01.556Z", "user": 1, "content_type": 32, "object_id": "1", "object_repr": "Logro oro", "action_flag": 1, "change_message": "[{\"added\": {}}]"}}, {"model": "admin.logentry", "pk": 89, "fields": {"action_time": "2025-01-24T18:15:20.277Z", "user": 1, "content_type": 32, "object_id": "2", "object_repr": "Logro plata", "action_flag": 1, "change_message": "[{\"added\": {}}]"}}, {"model": "admin.logentry", "pk": 90, "fields": {"action_time": "2025-01-24T18:15:48.199Z", "user": 1, "content_type": 32, "object_id": "3", "object_repr": "Logro bronce", "action_flag": 1, "change_message": "[{\"added\": {}}]"}}, {"model": "admin.logentry", "pk": 91, "fields": {"action_time": "2025-01-24T18:16:11.321Z", "user": 1, "content_type": 29, "object_id": "9", "object_repr": "aitor - Andar 50 mil pasos - 2025-01-24", "action_flag": 3, "change_message": ""}}, {"model": "admin.logentry", "pk": 92, "fields": {"action_time": "2025-01-24T18:16:14.706Z", "user": 1, "content_type": 29, "object_id": "8", "object_repr": "aitor - Andar 50 mil pasos - 2025-01-24", "action_flag": 3, "change_message": ""}}, {"model": "admin.logentry", "pk": 93, "fields": {"action_time": "2025-01-24T18:16:17.648Z", "user": 1, "content_type": 29, "object_id": "7", "object_repr": "aitor - Andar 50 mil pasos - 2025-01-24", "action_flag": 3, "change_message": ""}}, {"model": "admin.logentry", "pk": 94, "fields": {"action_time": "2025-01-24T18:16:45.616Z", "user": 1, "content_type": 29, "object_id": "10", "object_repr": "aitor - Andar 50 mil pasos - 2025-01-23", "action_flag": 3, "change_message": ""}}, {"model": "admin.logentry", "pk": 95, "fields": {"action_time": "2025-01-24T18:23:39.434Z", "user": 1, "content_type": 4, "object_id": "1", "object_repr": "aitor", "action_flag": 2, "change_message": "[{\"changed\": {\"fields\": [\"Email address\"]}}]"}}, {"model": "admin.logentry", "pk": 96, "fields": {"action_time": "2025-01-24T18:24:37.260Z", "user": 1, "content_type": 4, "object_id": "1", "object_repr": "aitor", "action_flag": 2, "change_message": "[{\"changed\": {\"fields\": [\"Email address\"]}}]"}}, {"model": "admin.logentry", "pk": 97, "fields": {"action_time": "2025-01-24T18:28:23.214Z", "user": 1, "content_type": 30, "object_id": "11", "object_repr": "aitor - Hacer 50 flexiones", "action_flag": 3, "change_message": ""}}, {"model": "admin.logentry", "pk": 98, "fields": {"action_time": "2025-01-24T18:28:27.218Z", "user": 1, "content_type": 30, "object_id": "10", "object_repr": "aitor - Hacer 50 flexiones", "action_flag": 3, "change_message": ""}}, {"model": "admin.logentry", "pk": 99, "fields": {"action_time": "2025-01-24T18:39:55.097Z", "user": 1, "content_type": 30, "object_id": "3", "object_repr": "aitor - Andar 50 mil pasos", "action_flag": 3, "change_message": ""}}, {"model": "admin.logentry", "pk": 100, "fields": {"action_time": "2025-01-24T18:40:00.970Z", "user": 1, "content_type": 30, "object_id": "12", "object_repr": "aitor - Hacer 20 dominadas", "action_flag": 3, "change_message": ""}}, {"model": "admin.logentry", "pk": 101, "fields": {"action_time": "2025-01-24T18:40:05.509Z", "user": 1, "content_type": 30, "object_id": "2", "object_repr": "aitor - Correr un kilometro mas cada dia", "action_flag": 3, "change_message": ""}}, {"model": "admin.logentry", "pk": 102, "fields": {"action_time": "2025-01-24T18:40:58.670Z", "user": 1, "content_type": 32, "object_id": "4", "object_repr": "Logro  oro", "action_flag": 3, "change_message": ""}}, {"model": "admin.logentry", "pk": 103, "fields": {"action_time": "2025-01-24T18:41:05.982Z", "user": 1, "content_type": 31, "object_id": "1", "object_repr": "aitor - oro", "action_flag": 3, "change_message": ""}}, {"model": "admin.logentry", "pk": 104, "fields": {"action_time": "2025-01-24T18:42:21.474Z", "user": 1, "content_type": 30, "object_id": "13", "object_repr": "aitor - Andar 50 mil pasos", "action_flag": 3, "change_message": ""}}, {"model": "admin.logentry", "pk": 105, "fields": {"action_time": "2025-01-24T18:43:30.990Z", "user": 1, "content_type": 30, "object_id": "14", "object_repr": "aitor - Andar 50 mil pasos", "action_flag": 3, "change_message": ""}}, {"model": "admin.logentry", "pk": 106, "fields": {"action_time": "2025-01-24T18:51:11.108Z", "user": 1, "content_type": 30, "object_id": "15", "object_repr": "aitor - Andar 50 mil pasos hoy", "action_flag": 2, "change_message": "[]"}}, {"model": "admin.logentry", "pk": 107, "fields": {"action_time": "2025-01-24T19:32:54.795Z", "user": 1, "content_type": 30, "object_id": "17", "object_repr": "aitor - cbdzfb", "action_flag": 3, "change_message": ""}}, {"model": "admin.logentry", "pk": 108, "fields": {"action_time": "2025-01-24T19:32:58.498Z", "user": 1, "content_type": 30, "object_id": "16", "object_repr": "aitor - fff", "action_flag": 3, "change_message": ""}}, {"model": "admin.logentry", "pk": 109, "fields": {"action_time": "2025-01-24T19:36:28.997Z", "user": 1, "content_type": 30, "object_id": "15", "object_repr": "aitor - Andar 50 mil pasos hoy", "action_flag": 2, "change_message": "[{\"changed\": {\"fields\": [\"Correo enviado\"]}}]"}}, {"model": "admin.logentry", "pk": 110, "fields": {"action_time": "2025-01-24T19:43:59.135Z", "user": 1, "content_type": 30, "object_id": "19", "object_repr": "aitor - sdvsd", "action_flag": 3, "change_message": ""}}, {"model": "admin.logentry", "pk": 111, "fields": {"action_time": "2025-01-24T19:44:03.226Z", "user": 1, "content_type": 30, "object_id": "20", "object_repr": "aitor - fdf", "action_flag": 3, "change_message": ""}}, {"model": "admin.logentry", "pk": 112, "fields": {"action_time": "2025-01-24T19:44:06.930Z", "user": 1, "content_type": 30, "object_id": "18", "object_repr": "aitor - hbbyg", "action_flag": 3, "change_message": ""}}, {"model": "admin.logentry", "pk": 113, "fields": {"action_time": "2025-01-24T19:46:59.974Z", "user": 1, "content_type": 30, "object_id": "21", "object_repr": "aitor - g7f7yv", "action_flag": 3, "change_message": ""}}, {"model": "admin.logentry", "pk": 114, "fields": {"action_time": "2025-01-24T20:22:25.071Z", "user": 1, "content_type": 30, "object_id": "22", "object_repr": "aitor - xcvfx", "action_flag": 3, "change_message": ""}}, {"model": "admin.logentry", "pk": 115, "fields": {"action_time": "2025-01-24T20:24:12.757Z", "user": 1, "content_type": 30, "object_id": "23", "object_repr": "aitor - dsbdf", "action_flag": 3, "change_message": ""}}, {"model": "admin.logentry", "pk": 116, "fields": {"action_time": "2025-01-24T20:35:36.611Z", "user": 1, "content_type": 30, "object_id": "24", "object_repr": "aitor - trbfd", "action_flag": 3, "change_message": ""}}, {"model": "admin.logentry", "pk": 117, "fields": {"action_time": "2025-01-25T10:52:40.412Z", "user": 1, "content_type": 30, "object_id": "1", "object_repr": "aitor - Bajar 10 kilos para verano", "action_flag": 2, "change_message": "[{\"changed\": {\"fields\": [\"Completada\"]}}]"}}, {"model": "admin.logentry", "pk": 118, "fields": {"action_time": "2025-01-25T10:52:45.398Z", "user": 1, "content_type": 30, "object_id": "15", "object_repr": "aitor - Andar 50 mil pasos hoy", "action_flag": 2, "change_message": "[]"}}, {"model": "admin.logentry", "pk": 119, "fields": {"action_time": "2025-01-25T11:20:00.499Z", "user": 1, "content_type": 31, "object_id": "3", "object_repr": "aitor -  oro - Andar 50 mil pasos hoy", "action_flag": 2, "change_message": "[{\"changed\": {\"fields\": [\"Meta\"]}}]"}}, {"model": "admin.logentry", "pk": 120, "fields": {"action_time": "2025-01-25T11:20:04.514Z", "user": 1, "content_type": 31, "object_id": "4", "object_repr": "aitor - oro - Sin meta", "action_flag": 3, "change_message": ""}}, {"model": "admin.logentry", "pk": 121, "fields": {"action_time": "2025-01-25T11:26:27.847Z", "user": 1, "content_type": 32, "object_id": "1", "object_repr": "Logro oro", "action_flag": 3, "change_message": ""}}, {"model": "admin.logentry", "pk": 122, "fields": {"action_time": "2025-01-25T11:26:31.144Z", "user": 1, "content_type": 32, "object_id": "2", "object_repr": "Logro plata", "action_flag": 3, "change_message": ""}}, {"model": "admin.logentry", "pk": 123, "fields": {"action_time": "2025-01-25T11:26:33.878Z", "user": 1, "content_type": 32, "object_id": "3", "object_repr": "Logro bronce", "action_flag": 3, "change_message": ""}}, {"model": "admin.logentry", "pk": 124, "fields": {"action_time": "2025-01-25T11:26:38.608Z", "user": 1, "content_type": 32, "object_id": "5", "object_repr": "Logro  oro", "action_flag": 3, "change_message": ""}}, {"model": "admin.logentry", "pk": 125, "fields": {"action_time": "2025-01-25T11:26:50.234Z", "user": 1, "content_type": 30, "object_id": "15", "object_repr": "aitor - Andar 50 mil pasos hoy", "action_flag": 3, "change_message": ""}}, {"model": "admin.logentry", "pk": 126, "fields": {"action_time": "2025-01-25T11:26:54.302Z", "user": 1, "content_type": 30, "object_id": "1", "object_repr": "aitor - Bajar 10 kilos para verano", "action_flag": 3, "change_message": ""}}, {"model": "admin.logentry", "pk": 127, "fields": {"action_time": "2025-01-25T11:28:36.632Z", "user": 1, "content_type": 29, "object_id": "15", "object_repr": "aitor - Bajar 10 kilos para verano - 2025-01-25", "action_flag": 3, "change_message": ""}}, {"model": "admin.logentry", "pk": 128, "fields": {"action_time": "2025-01-25T11:36:18.084Z", "user": 1, "content_type": 29, "object_id": "17", "object_repr": "aitor - Andar 10 mil pasos - 2025-01-25", "action_flag": 3, "change_message": ""}}, {"model": "admin.logentry", "pk": 129, "fields": {"action_time": "2025-01-25T11:36:29.130Z", "user": 1, "content_type": 30, "object_id": "26", "object_repr": "aitor - Andar 10 mil pasos", "action_flag": 3, "change_message": ""}}, {"model": "admin.logentry", "pk": 130, "fields": {"action_time": "2025-01-25T11:50:05.646Z", "user": 1, "content_type": 32, "object_id": "6", "object_repr": "Logro oro", "action_flag": 1, "change_message": "[{\"added\": {}}]"}}, {"model": "admin.logentry", "pk": 131, "fields": {"action_time": "2025-01-25T11:50:34.804Z", "user": 1, "content_type": 32, "object_id": "7", "object_repr": "Logro plata", "action_flag": 1, "change_message": "[{\"added\": {}}]"}}, {"model": "admin.logentry", "pk": 132, "fields": {"action_time": "2025-01-25T11:51:06.443Z", "user": 1, "content_type": 32, "object_id": "8", "object_repr": "Logro bronce", "action_flag": 1, "change_message": "[{\"added\": {}}]"}}, {"model": "admin.logentry", "pk": 133, "fields": {"action_time": "2025-01-25T12:04:03.339Z", "user": 1, "content_type": 31, "object_id": "5", "object_repr": "aitor - oro - Correr 4 kilometros hoy", "action_flag": 1, "change_message": "[{\"added\": {}}]"}}, {"model": "admin.logentry", "pk": 134, "fields": {"action_time": "2025-01-25T17:02:25.231Z", "user": 1, "content_type": 14, "object_id": "5", "object_repr": "Monica Gonzalo - Aprobado", "action_flag": 2, "change_message": "[{\"changed\": {\"fields\": [\"Nombre\", \"Apellidos\", \"G\\u00e9nero\", \"Nivel de Experiencia\", \"Especialidades deportivas\", \"Experiencia profesional\", \"Formaci\\u00f3n acad\\u00e9mica\"]}}]"}}, {"model": "admin.logentry", "pk": 135, "fields": {"action_time": "2025-01-25T17:02:41.052Z", "user": 1, "content_type": 14, "object_id": "3", "object_repr": "Patricia Alvarez - Aprobado", "action_flag": 2, "change_message": "[{\"changed\": {\"fields\": [\"Nombre\", \"Apellidos\"]}}]"}}, {"model": "admin.logentry", "pk": 136, "fields": {"action_time": "2025-01-25T17:02:46.431Z", "user": 1, "content_type": 14, "object_id": "10", "object_repr": "oscar g - Aprobado", "action_flag": 3, "change_message": ""}}, {"model": "admin.logentry", "pk": 137, "fields": {"action_time": "2025-01-25T17:02:52.530Z", "user": 1, "content_type": 14, "object_id": "6", "object_repr": "Juan Perez - Aprobado", "action_flag": 2, "change_message": "[]"}}, {"model": "admin.logentry", "pk": 138, "fields": {"action_time": "2025-01-25T17:02:57.699Z", "user": 1, "content_type": 14, "object_id": "11", "object_repr": "Josefi fernandez - Aprobado", "action_flag": 2, "change_message": "[]"}}, {"model": "admin.logentry", "pk": 139, "fields": {"action_time": "2025-01-25T18:06:13.713Z", "user": 1, "content_type": 39, "object_id": "3", "object_repr": "Solicitud de oscar para iker gonzalo", "action_flag": 3, "change_message": ""}}, {"model": "admin.logentry", "pk": 140, "fields": {"action_time": "2025-01-25T18:06:16.700Z", "user": 1, "content_type": 39, "object_id": "4", "object_repr": "Solicitud de oscar para iker gonzalo", "action_flag": 3, "change_message": ""}}, {"model": "admin.logentry", "pk": 141, "fields": {"action_time": "2025-01-25T18:08:49.118Z", "user": 1, "content_type": 39, "object_id": "7", "object_repr": "Solicitud de oscar para iker gonzalo", "action_flag": 3, "change_message": ""}}, {"model": "admin.logentry", "pk": 142, "fields": {"action_time": "2025-01-25T18:08:52.251Z", "user": 1, "content_type": 39, "object_id": "6", "object_repr": "Solicitud de oscar para iker gonzalo", "action_flag": 3, "change_message": ""}}, {"model": "admin.logentry", "pk": 143, "fields": {"action_time": "2025-01-25T18:08:55.353Z", "user": 1, "content_type": 39, "object_id": "5", "object_repr": "Solicitud de oscar para iker gonzalo", "action_flag": 3, "change_message": ""}}, {"model": "admin.logentry", "pk": 144, "fields": {"action_time": "2025-01-26T09:42:02.678Z", "user": 1, "content_type": 20, "object_id": "21", "object_repr": "De aitor a juan", "action_flag": 3, "change_message": ""}}, {"model": "admin.logentry", "pk": 145, "fields": {"action_time": "2025-01-26T09:42:24.187Z", "user": 1, "content_type": 20, "object_id": "20", "object_repr": "De juan a aitor", "action_flag": 3, "change_message": ""}}, {"model": "admin.logentry", "pk": 146, "fields": {"action_time": "2025-01-26T09:42:27.494Z", "user": 1, "content_type": 20, "object_id": "19", "object_repr": "De juan a aitor", "action_flag": 3, "change_message": ""}}, {"model": "admin.logentry", "pk": 147, "fields": {"action_time": "2025-01-26T09:42:30.558Z", "user": 1, "content_type": 20, "object_id": "18", "object_repr": "De juan a aitor", "action_flag": 3, "change_message": ""}}, {"model": "admin.logentry", "pk": 148, "fields": {"action_time": "2025-01-26T09:42:33.354Z", "user": 1, "content_type": 20, "object_id": "17", "object_repr": "De aitor a juan", "action_flag": 3, "change_message": ""}}, {"model": "admin.logentry", "pk": 149, "fields": {"action_time": "2025-01-26T09:42:36.376Z", "user": 1, "content_type": 20, "object_id": "16", "object_repr": "De juan a aitor", "action_flag": 3, "change_message": ""}}, {"model": "admin.logentry", "pk": 150, "fields": {"action_time": "2025-01-26T09:42:39.386Z", "user": 1, "content_type": 20, "object_id": "14", "object_repr": "De aitor a juan", "action_flag": 3, "change_message": ""}}, {"model": "admin.logentry", "pk": 151, "fields": {"action_time": "2025-01-26T09:42:42.545Z", "user": 1, "content_type": 20, "object_id": "13", "object_repr": "De juan a aitor", "action_flag": 3, "change_message": ""}}, {"model": "admin.logentry", "pk": 152, "fields": {"action_time": "2025-01-26T09:42:45.387Z", "user": 1, "content_type": 20, "object_id": "12", "object_repr": "De juan a aitor", "action_flag": 3, "change_message": ""}}, {"model": "admin.logentry", "pk": 153, "fields": {"action_time": "2025-01-26T09:42:48.247Z", "user": 1, "content_type": 20, "object_id": "9", "object_repr": "De juan a aitor", "action_flag": 3, "change_message": ""}}, {"model": "admin.logentry", "pk": 154, "fields": {"action_time": "2025-01-26T09:42:51.429Z", "user": 1, "content_type": 20, "object_id": "3", "object_repr": "De aitor a Patricia", "action_flag": 3, "change_message": ""}}, {"model": "admin.logentry", "pk": 155, "fields": {"action_time": "2025-01-26T18:26:09.985Z", "user": 1, "content_type": 41, "object_id": "8", "object_repr": "Cruce de poleas - chest-right", "action_flag": 2, "change_message": "[{\"changed\": {\"fields\": [\"Imagen\"]}}]"}}, {"model": "admin.logentry", "pk": 156, "fields": {"action_time": "2025-01-26T18:26:21.740Z", "user": 1, "content_type": 41, "object_id": "6", "object_repr": "Press con mancuernas - chest-right", "action_flag": 2, "change_message": "[{\"changed\": {\"fields\": [\"Imagen\"]}}]"}}, {"model": "admin.logentry", "pk": 157, "fields": {"action_time": "2025-01-26T18:26:29.410Z", "user": 1, "content_type": 41, "object_id": "5", "object_repr": "Press de banca - chest-right", "action_flag": 2, "change_message": "[{\"changed\": {\"fields\": [\"Imagen\"]}}]"}}, {"model": "admin.logentry", "pk": 158, "fields": {"action_time": "2025-01-26T18:26:36.594Z", "user": 1, "content_type": 41, "object_id": "4", "object_repr": "Cruce de poleas - chest-left", "action_flag": 2, "change_message": "[{\"changed\": {\"fields\": [\"Imagen\"]}}]"}}, {"model": "admin.logentry", "pk": 159, "fields": {"action_time": "2025-01-26T18:26:48.042Z", "user": 1, "content_type": 41, "object_id": "2", "object_repr": "Press con mancuernas - chest-left", "action_flag": 2, "change_message": "[{\"changed\": {\"fields\": [\"Imagen\"]}}]"}}, {"model": "admin.logentry", "pk": 160, "fields": {"action_time": "2025-01-26T18:26:53.689Z", "user": 1, "content_type": 41, "object_id": "1", "object_repr": "Press de banca - chest-left", "action_flag": 2, "change_message": "[{\"changed\": {\"fields\": [\"Imagen\"]}}]"}}, {"model": "admin.logentry", "pk": 161, "fields": {"action_time": "2025-01-26T18:27:18.499Z", "user": 1, "content_type": 41, "object_id": "7", "object_repr": "Press inclinado - chest-right", "action_flag": 2, "change_message": "[{\"changed\": {\"fields\": [\"Imagen\"]}}]"}}, {"model": "admin.logentry", "pk": 162, "fields": {"action_time": "2025-01-26T18:27:24.206Z", "user": 1, "content_type": 41, "object_id": "3", "object_repr": "Press inclinado - chest-left", "action_flag": 2, "change_message": "[{\"changed\": {\"fields\": [\"Imagen\"]}}]"}}, {"model": "admin.logentry", "pk": 163, "fields": {"action_time": "2025-01-27T16:45:46.459Z", "user": 1, "content_type": 41, "object_id": "5", "object_repr": "Press de banca - chest-right", "action_flag": 2, "change_message": "[{\"changed\": {\"fields\": [\"DescripcionEjer\"]}}]"}}, {"model": "admin.logentry", "pk": 164, "fields": {"action_time": "2025-01-27T16:46:10.965Z", "user": 1, "content_type": 41, "object_id": "1", "object_repr": "Press de banca - chest-left", "action_flag": 2, "change_message": "[{\"changed\": {\"fields\": [\"DescripcionEjer\"]}}]"}}, {"model": "admin.logentry", "pk": 165, "fields": {"action_time": "2025-01-27T16:46:35.831Z", "user": 1, "content_type": 41, "object_id": "6", "object_repr": "Press con mancuernas - chest-right", "action_flag": 2, "change_message": "[{\"changed\": {\"fields\": [\"DescripcionEjer\"]}}]"}}, {"model": "admin.logentry", "pk": 166, "fields": {"action_time": "2025-01-27T16:46:44.218Z", "user": 1, "content_type": 41, "object_id": "2", "object_repr": "Press con mancuernas - chest-left", "action_flag": 2, "change_message": "[{\"changed\": {\"fields\": [\"DescripcionEjer\"]}}]"}}, {"model": "admin.logentry", "pk": 167, "fields": {"action_time": "2025-01-27T16:47:13.461Z", "user": 1, "content_type": 41, "object_id": "7", "object_repr": "Press inclinado - chest-right", "action_flag": 2, "change_message": "[{\"changed\": {\"fields\": [\"DescripcionEjer\"]}}]"}}, {"model": "admin.logentry", "pk": 168, "fields": {"action_time": "2025-01-27T16:47:19.476Z", "user": 1, "content_type": 41, "object_id": "3", "object_repr": "Press inclinado - chest-left", "action_flag": 2, "change_message": "[{\"changed\": {\"fields\": [\"DescripcionEjer\"]}}]"}}, {"model": "admin.logentry", "pk": 169, "fields": {"action_time": "2025-01-27T16:47:50.002Z", "user": 1, "content_type": 41, "object_id": "8", "object_repr": "Cruce de poleas - chest-right", "action_flag": 2, "change_message": "[{\"changed\": {\"fields\": [\"DescripcionEjer\"]}}]"}}, {"model": "admin.logentry", "pk": 170, "fields": {"action_time": "2025-01-27T16:47:55.641Z", "user": 1, "content_type": 41, "object_id": "4", "object_repr": "Cruce de poleas - chest-left", "action_flag": 2, "change_message": "[{\"changed\": {\"fields\": [\"DescripcionEjer\"]}}]"}}, {"model": "admin.logentry", "pk": 171, "fields": {"action_time": "2025-01-27T17:19:48.004Z", "user": 1, "content_type": 41, "object_id": "9", "object_repr": "Press Militar - shoulder-right", "action_flag": 1, "change_message": "[{\"added\": {}}]"}}, {"model": "admin.logentry", "pk": 172, "fields": {"action_time": "2025-01-27T17:21:45.400Z", "user": 1, "content_type": 41, "object_id": "10", "object_repr": "Elevaciones Lateral - shoulder-right", "action_flag": 1, "change_message": "[{\"added\": {}}]"}}, {"model": "admin.logentry", "pk": 173, "fields": {"action_time": "2025-01-27T17:23:01.653Z", "user": 1, "content_type": 41, "object_id": "11", "object_repr": "Pajaros - shoulder-left", "action_flag": 1, "change_message": "[{\"added\": {}}]"}}, {"model": "admin.logentry", "pk": 174, "fields": {"action_time": "2025-01-27T17:23:20.186Z", "user": 1, "content_type": 41, "object_id": "11", "object_repr": "Pajaros - shoulder-right", "action_flag": 2, "change_message": "[{\"changed\": {\"fields\": [\"Parte cuerpo\"]}}]"}}, {"model": "admin.logentry", "pk": 175, "fields": {"action_time": "2025-01-27T17:25:26.440Z", "user": 1, "content_type": 41, "object_id": "5", "object_repr": "Press de banca - chest-right", "action_flag": 2, "change_message": "[{\"changed\": {\"fields\": [\"Imagen\"]}}]"}}, {"model": "admin.logentry", "pk": 176, "fields": {"action_time": "2025-01-27T17:25:35.487Z", "user": 1, "content_type": 41, "object_id": "5", "object_repr": "Press de banca - chest-right", "action_flag": 2, "change_message": "[{\"changed\": {\"fields\": [\"Imagen\"]}}]"}}, {"model": "admin.logentry", "pk": 177, "fields": {"action_time": "2025-01-27T17:27:38.548Z", "user": 1, "content_type": 41, "object_id": "6", "object_repr": "Press con mancuernas - chest-right", "action_flag": 2, "change_message": "[{\"changed\": {\"fields\": [\"Imagen\"]}}]"}}, {"model": "admin.logentry", "pk": 178, "fields": {"action_time": "2025-01-27T17:27:48.094Z", "user": 1, "content_type": 41, "object_id": "2", "object_repr": "Press con mancuernas - chest-left", "action_flag": 2, "change_message": "[{\"changed\": {\"fields\": [\"Imagen\"]}}]"}}, {"model": "admin.logentry", "pk": 179, "fields": {"action_time": "2025-01-27T17:28:39.816Z", "user": 1, "content_type": 41, "object_id": "3", "object_repr": "Press inclinado - chest-left", "action_flag": 2, "change_message": "[{\"changed\": {\"fields\": [\"Imagen\"]}}]"}}, {"model": "admin.logentry", "pk": 180, "fields": {"action_time": "2025-01-27T17:28:52.642Z", "user": 1, "content_type": 41, "object_id": "7", "object_repr": "Press inclinado - chest-right", "action_flag": 2, "change_message": "[{\"changed\": {\"fields\": [\"Imagen\"]}}]"}}, {"model": "admin.logentry", "pk": 181, "fields": {"action_time": "2025-01-27T17:29:22.251Z", "user": 1, "content_type": 41, "object_id": "8", "object_repr": "Cruce de poleas - chest-right", "action_flag": 2, "change_message": "[{\"changed\": {\"fields\": [\"Imagen\"]}}]"}}, {"model": "admin.logentry", "pk": 182, "fields": {"action_time": "2025-01-27T17:29:30.308Z", "user": 1, "content_type": 41, "object_id": "4", "object_repr": "Cruce de poleas - chest-left", "action_flag": 2, "change_message": "[{\"changed\": {\"fields\": [\"Imagen\"]}}]"}}, {"model": "admin.logentry", "pk": 183, "fields": {"action_time": "2025-01-27T17:30:45.647Z", "user": 1, "content_type": 41, "object_id": "12", "object_repr": "Press Militar - shoulder-left", "action_flag": 1, "change_message": "[{\"added\": {}}]"}}, {"model": "admin.logentry", "pk": 184, "fields": {"action_time": "2025-01-27T17:32:25.325Z", "user": 1, "content_type": 41, "object_id": "13", "object_repr": "Elevaciones Lateral - shoulder-left", "action_flag": 1, "change_message": "[{\"added\": {}}]"}}, {"model": "admin.logentry", "pk": 185, "fields": {"action_time": "2025-01-27T17:32:39.300Z", "user": 1, "content_type": 41, "object_id": "12", "object_repr": "Press Militar - shoulder-left", "action_flag": 2, "change_message": "[{\"changed\": {\"fields\": [\"DescripcionEjer\"]}}]"}}, {"model": "admin.logentry", "pk": 186, "fields": {"action_time": "2025-01-27T17:33:27.170Z", "user": 1, "content_type": 41, "object_id": "14", "object_repr": "Pajaros - shoulder-left", "action_flag": 1, "change_message": "[{\"added\": {}}]"}}, {"model": "admin.logentry", "pk": 187, "fields": {"action_time": "2025-01-27T17:35:48.375Z", "user": 1, "content_type": 41, "object_id": "5", "object_repr": "Press de banca - chest-right", "action_flag": 2, "change_message": "[{\"changed\": {\"fields\": [\"Imagen\"]}}]"}}, {"model": "admin.logentry", "pk": 188, "fields": {"action_time": "2025-01-27T17:36:17.251Z", "user": 1, "content_type": 41, "object_id": "1", "object_repr": "Press de banca - chest-left", "action_flag": 2, "change_message": "[{\"changed\": {\"fields\": [\"Imagen\"]}}]"}}, {"model": "admin.logentry", "pk": 189, "fields": {"action_time": "2025-01-27T17:37:56.072Z", "user": 1, "content_type": 41, "object_id": "15", "object_repr": "Curl de Biceps - arm-right", "action_flag": 1, "change_message": "[{\"added\": {}}]"}}, {"model": "admin.logentry", "pk": 190, "fields": {"action_time": "2025-01-27T17:38:21.286Z", "user": 1, "content_type": 41, "object_id": "16", "object_repr": "Curl de Biceps - arm-left", "action_flag": 1, "change_message": "[{\"added\": {}}]"}}, {"model": "admin.logentry", "pk": 191, "fields": {"action_time": "2025-01-27T17:39:51.033Z", "user": 1, "content_type": 41, "object_id": "17", "object_repr": "Martillo - arm-right", "action_flag": 1, "change_message": "[{\"added\": {}}]"}}, {"model": "admin.logentry", "pk": 192, "fields": {"action_time": "2025-01-27T17:40:12.387Z", "user": 1, "content_type": 41, "object_id": "18", "object_repr": "Martillo - arm-left", "action_flag": 1, "change_message": "[{\"added\": {}}]"}}, {"model": "admin.logentry", "pk": 193, "fields": {"action_time": "2025-01-27T17:43:32.669Z", "user": 1, "content_type": 41, "object_id": "19", "object_repr": "Curl mu帽eca - forearm-right", "action_flag": 1, "change_message": "[{\"added\": {}}]"}}, {"model": "admin.logentry", "pk": 194, "fields": {"action_time": "2025-01-27T17:44:01.565Z", "user": 1, "content_type": 41, "object_id": "20", "object_repr": "Curl mu帽eca - forearm-left", "action_flag": 1, "change_message": "[{\"added\": {}}]"}}, {"model": "admin.logentry", "pk": 195, "fields": {"action_time": "2025-01-27T17:46:32.006Z", "user": 1, "content_type": 41, "object_id": "21", "object_repr": "Crunch - ribs-right", "action_flag": 1, "change_message": "[{\"added\": {}}]"}}, {"model": "admin.logentry", "pk": 196, "fields": {"action_time": "2025-01-27T17:47:01.420Z", "user": 1, "content_type": 41, "object_id": "22", "object_repr": "Crunch - ribs-left", "action_flag": 1, "change_message": "[{\"added\": {}}]"}}, {"model": "admin.logentry", "pk": 197, "fields": {"action_time": "2025-01-27T17:48:59.462Z", "user": 1, "content_type": 41, "object_id": "23", "object_repr": "Elevaciones de piernas - belly", "action_flag": 1, "change_message": "[{\"added\": {}}]"}}, {"model": "admin.logentry", "pk": 198, "fields": {"action_time": "2025-01-27T17:51:28.537Z", "user": 1, "content_type": 41, "object_id": "24", "object_repr": "Plancha Lateral - belly-right", "action_flag": 1, "change_message": "[{\"added\": {}}]"}}, {"model": "admin.logentry", "pk": 199, "fields": {"action_time": "2025-01-27T17:51:55.805Z", "user": 1, "content_type": 41, "object_id": "25", "object_repr": "Crunch Lateral - belly-left", "action_flag": 1, "change_message": "[{\"added\": {}}]"}}, {"model": "admin.logentry", "pk": 200, "fields": {"action_time": "2025-01-27T17:52:05.134Z", "user": 1, "content_type": 41, "object_id": "24", "object_repr": "Crunch Lateral - belly-right", "action_flag": 2, "change_message": "[{\"changed\": {\"fields\": [\"Nombre\"]}}]"}}, {"model": "admin.logentry", "pk": 201, "fields": {"action_time": "2025-01-27T18:02:55.881Z", "user": 1, "content_type": 41, "object_id": "26", "object_repr": "Step-up - knee-right", "action_flag": 1, "change_message": "[{\"added\": {}}]"}}, {"model": "admin.logentry", "pk": 202, "fields": {"action_time": "2025-01-27T18:03:25.391Z", "user": 1, "content_type": 41, "object_id": "27", "object_repr": "Step-up - knee-left", "action_flag": 1, "change_message": "[{\"added\": {}}]"}}, {"model": "admin.logentry", "pk": 203, "fields": {"action_time": "2025-01-27T18:04:55.748Z", "user": 1, "content_type": 41, "object_id": "28", "object_repr": "Cuerda - calf-right", "action_flag": 1, "change_message": "[{\"added\": {}}]"}}, {"model": "admin.logentry", "pk": 204, "fields": {"action_time": "2025-01-27T18:05:36.399Z", "user": 1, "content_type": 41, "object_id": "29", "object_repr": "Cuerda - calf-left", "action_flag": 1, "change_message": "[{\"added\": {}}]"}}, {"model": "admin.logentry", "pk": 205, "fields": {"action_time": "2025-01-27T18:08:20.617Z", "user": 1, "content_type": 41, "object_id": "30", "object_repr": "Curl de dedos - Right-feet", "action_flag": 1, "change_message": "[{\"added\": {}}]"}}, {"model": "admin.logentry", "pk": 206, "fields": {"action_time": "2025-01-27T18:08:41.441Z", "user": 1, "content_type": 41, "object_id": "30", "object_repr": "Curl de dedos - Right-Feet", "action_flag": 2, "change_message": "[{\"changed\": {\"fields\": [\"Parte cuerpo\"]}}]"}}, {"model": "admin.logentry", "pk": 207, "fields": {"action_time": "2025-01-27T18:09:01.434Z", "user": 1, "content_type": 41, "object_id": "30", "object_repr": "Curl de dedos - Right-Feet", "action_flag": 2, "change_message": "[]"}}, {"model": "admin.logentry", "pk": 208, "fields": {"action_time": "2025-01-27T18:09:28.368Z", "user": 1, "content_type": 41, "object_id": "30", "object_repr": "Curl de dedos - Right-Feet", "action_flag": 2, "change_message": "[]"}}, {"model": "admin.logentry", "pk": 209, "fields": {"action_time": "2025-01-27T18:10:12.711Z", "user": 1, "content_type": 41, "object_id": "30", "object_repr": "Curl de dedos - Feet-Left", "action_flag": 2, "change_message": "[{\"changed\": {\"fields\": [\"Parte cuerpo\"]}}]"}}, {"model": "admin.logentry", "pk": 210, "fields": {"action_time": "2025-01-27T18:10:33.826Z", "user": 1, "content_type": 41, "object_id": "30", "object_repr": "Curl de dedos - Feet-Left", "action_flag": 3, "change_message": ""}}, {"model": "admin.logentry", "pk": 211, "fields": {"action_time": "2025-01-27T18:11:56.253Z", "user": 1, "content_type": 41, "object_id": "31", "object_repr": "Sentadilla - Thigh-Right", "action_flag": 1, "change_message": "[{\"added\": {}}]"}}, {"model": "admin.logentry", "pk": 212, "fields": {"action_time": "2025-01-27T18:13:03.928Z", "user": 1, "content_type": 41, "object_id": "11", "object_repr": "Pajaros - shoulder-right", "action_flag": 3, "change_message": ""}}, {"model": "admin.logentry", "pk": 213, "fields": {"action_time": "2025-01-27T18:14:03.877Z", "user": 1, "content_type": 41, "object_id": "31", "object_repr": "Sentadilla - shoulder-right", "action_flag": 2, "change_message": "[{\"changed\": {\"fields\": [\"Parte cuerpo\"]}}]"}}, {"model": "admin.logentry", "pk": 214, "fields": {"action_time": "2025-01-27T18:14:36.538Z", "user": 1, "content_type": 41, "object_id": "31", "object_repr": "Sentadilla - tigh-right", "action_flag": 2, "change_message": "[{\"changed\": {\"fields\": [\"Parte cuerpo\"]}}]"}}, {"model": "admin.logentry", "pk": 215, "fields": {"action_time": "2025-04-10T16:34:34.807Z", "user": 1, "content_type": 41, "object_id": "32", "object_repr": "Decline row - back-right", "action_flag": 1, "change_message": "[{\"added\": {}}]"}}, {"model": "admin.logentry", "pk": 216, "fields": {"action_time": "2025-04-10T16:36:15.815Z", "user": 1, "content_type": 41, "object_id": "33", "object_repr": "Decline row - back-left", "action_flag": 1, "change_message": "[{\"added\": {}}]"}}, {"model": "admin.logentry", "pk": 217, "fields": {"action_time": "2025-04-10T16:37:47.046Z", "user": 1, "content_type": 41, "object_id": "31", "object_repr": "Squat - tigh-right", "action_flag": 2, "change_message": "[{\"changed\": {\"fields\": [\"Nombre\"]}}]"}}, {"model": "admin.logentry", "pk": 218, "fields": {"action_time": "2025-04-10T16:38:06.084Z", "user": 1, "content_type": 41, "object_id": "29", "object_repr": "Rope - calf-left", "action_flag": 2, "change_message": "[{\"changed\": {\"fields\": [\"Nombre\"]}}]"}}, {"model": "admin.logentry", "pk": 219, "fields": {"action_time": "2025-04-10T16:38:13.677Z", "user": 1, "content_type": 41, "object_id": "28", "object_repr": "Rope - calf-right", "action_flag": 2, "change_message": "[{\"changed\": {\"fields\": [\"Nombre\"]}}]"}}, {"model": "admin.logentry", "pk": 220, "fields": {"action_time": "2025-04-10T16:38:27.040Z", "user": 1, "content_type": 41, "object_id": "25", "object_repr": "Lateral Crunch - belly-left", "action_flag": 2, "change_message": "[{\"changed\": {\"fields\": [\"Nombre\"]}}]"}}, {"model": "admin.logentry", "pk": 221, "fields": {"action_time": "2025-04-10T16:38:38.058Z", "user": 1, "content_type": 41, "object_id": "24", "object_repr": "Lateral Crunch - belly-right", "action_flag": 2, "change_message": "[{\"changed\": {\"fields\": [\"Nombre\"]}}]"}}, {"model": "admin.logentry", "pk": 222, "fields": {"action_time": "2025-04-10T16:38:52.149Z", "user": 1, "content_type": 41, "object_id": "23", "object_repr": "Left Raises - belly", "action_flag": 2, "change_message": "[{\"changed\": {\"fields\": [\"Nombre\"]}}]"}}, {"model": "admin.logentry", "pk": 223, "fields": {"action_time": "2025-04-10T16:39:06.436Z", "user": 1, "content_type": 41, "object_id": "18", "object_repr": "Curl Hammer - arm-left", "action_flag": 2, "change_message": "[{\"changed\": {\"fields\": [\"Nombre\"]}}]"}}, {"model": "admin.logentry", "pk": 224, "fields": {"action_time": "2025-04-10T16:39:18.608Z", "user": 1, "content_type": 41, "object_id": "17", "object_repr": "Curl Hammer - arm-right", "action_flag": 2, "change_message": "[{\"changed\": {\"fields\": [\"Nombre\"]}}]"}}, {"model": "admin.logentry", "pk": 225, "fields": {"action_time": "2025-04-10T16:39:48.779Z", "user": 1, "content_type": 41, "object_id": "20", "object_repr": "Curl wrist - forearm-left", "action_flag": 2, "change_message": "[{\"changed\": {\"fields\": [\"Nombre\"]}}]"}}, {"model": "admin.logentry", "pk": 226, "fields": {"action_time": "2025-04-10T16:39:56.547Z", "user": 1, "content_type": 41, "object_id": "19", "object_repr": "Curl wrist - forearm-right", "action_flag": 2, "change_message": "[{\"changed\": {\"fields\": [\"Nombre\"]}}]"}}, {"model": "admin.logentry", "pk": 227, "fields": {"action_time": "2025-04-10T16:40:07.490Z", "user": 1, "content_type": 41, "object_id": "16", "object_repr": "Biceps curl - arm-left", "action_flag": 2, "change_message": "[{\"changed\": {\"fields\": [\"Nombre\"]}}]"}}, {"model": "admin.logentry", "pk": 228, "fields": {"action_time": "2025-04-10T16:40:18.039Z", "user": 1, "content_type": 41, "object_id": "15", "object_repr": "Biceps curl - arm-right", "action_flag": 2, "change_message": "[{\"changed\": {\"fields\": [\"Nombre\"]}}]"}}, {"model": "admin.logentry", "pk": 229, "fields": {"action_time": "2025-04-10T16:40:29.928Z", "user": 1, "content_type": 41, "object_id": "14", "object_repr": "Birds - shoulder-left", "action_flag": 2, "change_message": "[{\"changed\": {\"fields\": [\"Nombre\"]}}]"}}, {"model": "admin.logentry", "pk": 230, "fields": {"action_time": "2025-04-10T16:40:49.297Z", "user": 1, "content_type": 41, "object_id": "13", "object_repr": "Lateral Raises - shoulder-left", "action_flag": 2, "change_message": "[{\"changed\": {\"fields\": [\"Nombre\"]}}]"}}, {"model": "admin.logentry", "pk": 231, "fields": {"action_time": "2025-04-10T16:41:03.474Z", "user": 1, "content_type": 41, "object_id": "10", "object_repr": "Lateral Raises - shoulder-right", "action_flag": 2, "change_message": "[{\"changed\": {\"fields\": [\"Nombre\"]}}]"}}, {"model": "admin.logentry", "pk": 232, "fields": {"action_time": "2025-04-10T16:41:29.649Z", "user": 1, "content_type": 41, "object_id": "9", "object_repr": "Shoulder press - shoulder-right", "action_flag": 2, "change_message": "[{\"changed\": {\"fields\": [\"Nombre\"]}}]"}}, {"model": "admin.logentry", "pk": 233, "fields": {"action_time": "2025-04-10T16:41:42.455Z", "user": 1, "content_type": 41, "object_id": "12", "object_repr": "Shoulder Press - shoulder-left", "action_flag": 2, "change_message": "[{\"changed\": {\"fields\": [\"Nombre\"]}}]"}}, {"model": "admin.logentry", "pk": 234, "fields": {"action_time": "2025-04-10T16:41:58.236Z", "user": 1, "content_type": 41, "object_id": "8", "object_repr": "Deck peck - chest-right", "action_flag": 2, "change_message": "[{\"changed\": {\"fields\": [\"Nombre\"]}}]"}}, {"model": "admin.logentry", "pk": 235, "fields": {"action_time": "2025-04-10T16:42:09.400Z", "user": 1, "content_type": 41, "object_id": "7", "object_repr": "Incline bench - chest-right", "action_flag": 2, "change_message": "[{\"changed\": {\"fields\": [\"Nombre\"]}}]"}}, {"model": "admin.logentry", "pk": 236, "fields": {"action_time": "2025-04-10T16:42:45.764Z", "user": 1, "content_type": 41, "object_id": "6", "object_repr": "dumbell press - chest-right", "action_flag": 2, "change_message": "[{\"changed\": {\"fields\": [\"Nombre\"]}}]"}}, {"model": "admin.logentry", "pk": 237, "fields": {"action_time": "2025-04-10T16:42:58.470Z", "user": 1, "content_type": 41, "object_id": "5", "object_repr": "bench press - chest-right", "action_flag": 2, "change_message": "[{\"changed\": {\"fields\": [\"Nombre\"]}}]"}}, {"model": "admin.logentry", "pk": 238, "fields": {"action_time": "2025-04-10T16:43:09.046Z", "user": 1, "content_type": 41, "object_id": "4", "object_repr": "deck peak - chest-left", "action_flag": 2, "change_message": "[{\"changed\": {\"fields\": [\"Nombre\"]}}]"}}, {"model": "admin.logentry", "pk": 239, "fields": {"action_time": "2025-04-10T16:43:18.352Z", "user": 1, "content_type": 41, "object_id": "3", "object_repr": "incline press - chest-left", "action_flag": 2, "change_message": "[{\"changed\": {\"fields\": [\"Nombre\"]}}]"}}, {"model": "admin.logentry", "pk": 240, "fields": {"action_time": "2025-04-10T16:43:26.574Z", "user": 1, "content_type": 41, "object_id": "2", "object_repr": "dumbel press - chest-left", "action_flag": 2, "change_message": "[{\"changed\": {\"fields\": [\"Nombre\"]}}]"}}, {"model": "admin.logentry", "pk": 241, "fields": {"action_time": "2025-04-10T16:43:39.507Z", "user": 1, "content_type": 41, "object_id": "1", "object_repr": "bench press - chest-left", "action_flag": 2, "change_message": "[{\"changed\": {\"fields\": [\"Nombre\"]}}]"}}, {"model": "admin.logentry", "pk": 242, "fields": {"action_time": "2025-04-10T16:43:57.963Z", "user": 1, "content_type": 41, "object_id": "33", "object_repr": "decline row - back-left", "action_flag": 2, "change_message": "[{\"changed\": {\"fields\": [\"Nombre\"]}}]"}}, {"model": "admin.logentry", "pk": 243, "fields": {"action_time": "2025-04-10T16:44:03.755Z", "user": 1, "content_type": 41, "object_id": "32", "object_repr": "decline row - back-right", "action_flag": 2, "change_message": "[{\"changed\": {\"fields\": [\"Nombre\"]}}]"}}, {"model": "admin.logentry", "pk": 244, "fields": {"action_time": "2025-04-10T16:44:08.744Z", "user": 1, "content_type": 41, "object_id": "31", "object_repr": "squat - tigh-right", "action_flag": 2, "change_message": "[{\"changed\": {\"fields\": [\"Nombre\"]}}]"}}, {"model": "admin.logentry", "pk": 245, "fields": {"action_time": "2025-04-10T16:44:15.086Z", "user": 1, "content_type": 41, "object_id": "29", "object_repr": "rope - calf-left", "action_flag": 2, "change_message": "[{\"changed\": {\"fields\": [\"Nombre\"]}}]"}}, {"model": "admin.logentry", "pk": 246, "fields": {"action_time": "2025-04-10T16:44:20.257Z", "user": 1, "content_type": 41, "object_id": "28", "object_repr": "rope - calf-right", "action_flag": 2, "change_message": "[{\"changed\": {\"fields\": [\"Nombre\"]}}]"}}, {"model": "admin.logentry", "pk": 247, "fields": {"action_time": "2025-04-10T16:44:26.368Z", "user": 1, "content_type": 41, "object_id": "27", "object_repr": "step-up - knee-left", "action_flag": 2, "change_message": "[{\"changed\": {\"fields\": [\"Nombre\"]}}]"}}, {"model": "admin.logentry", "pk": 248, "fields": {"action_time": "2025-04-10T16:44:32.425Z", "user": 1, "content_type": 41, "object_id": "26", "object_repr": "step-up - knee-right", "action_flag": 2, "change_message": "[{\"changed\": {\"fields\": [\"Nombre\"]}}]"}}, {"model": "admin.logentry", "pk": 249, "fields": {"action_time": "2025-04-10T16:44:38.815Z", "user": 1, "content_type": 41, "object_id": "25", "object_repr": "lateral Crunch - belly-left", "action_flag": 2, "change_message": "[{\"changed\": {\"fields\": [\"Nombre\"]}}]"}}, {"model": "admin.logentry", "pk": 250, "fields": {"action_time": "2025-04-10T16:44:48.224Z", "user": 1, "content_type": 41, "object_id": "24", "object_repr": "lateral crunch - belly-right", "action_flag": 2, "change_message": "[{\"changed\": {\"fields\": [\"Nombre\"]}}]"}}, {"model": "admin.logentry", "pk": 251, "fields": {"action_time": "2025-04-10T16:44:57.262Z", "user": 1, "content_type": 41, "object_id": "25", "object_repr": "lateral crunch - belly-left", "action_flag": 2, "change_message": "[{\"changed\": {\"fields\": [\"Nombre\"]}}]"}}, {"model": "admin.logentry", "pk": 252, "fields": {"action_time": "2025-04-10T16:45:07.173Z", "user": 1, "content_type": 41, "object_id": "23", "object_repr": "left raises - belly", "action_flag": 2, "change_message": "[{\"changed\": {\"fields\": [\"Nombre\"]}}]"}}, {"model": "admin.logentry", "pk": 253, "fields": {"action_time": "2025-04-10T16:45:13.372Z", "user": 1, "content_type": 41, "object_id": "22", "object_repr": "crunch - ribs-left", "action_flag": 2, "change_message": "[{\"changed\": {\"fields\": [\"Nombre\"]}}]"}}, {"model": "admin.logentry", "pk": 254, "fields": {"action_time": "2025-04-10T16:45:19.722Z", "user": 1, "content_type": 41, "object_id": "21", "object_repr": "crunch - ribs-right", "action_flag": 2, "change_message": "[{\"changed\": {\"fields\": [\"Nombre\"]}}]"}}, {"model": "admin.logentry", "pk": 255, "fields": {"action_time": "2025-04-10T16:45:26.266Z", "user": 1, "content_type": 41, "object_id": "20", "object_repr": "curl wrist - forearm-left", "action_flag": 2, "change_message": "[{\"changed\": {\"fields\": [\"Nombre\"]}}]"}}, {"model": "admin.logentry", "pk": 256, "fields": {"action_time": "2025-04-10T16:45:33.299Z", "user": 1, "content_type": 41, "object_id": "19", "object_repr": "curl wrist - forearm-right", "action_flag": 2, "change_message": "[{\"changed\": {\"fields\": [\"Nombre\"]}}]"}}, {"model": "admin.logentry", "pk": 257, "fields": {"action_time": "2025-04-10T16:45:45.824Z", "user": 1, "content_type": 41, "object_id": "18", "object_repr": "curl hammer - arm-left", "action_flag": 2, "change_message": "[{\"changed\": {\"fields\": [\"Nombre\"]}}]"}}, {"model": "admin.logentry", "pk": 258, "fields": {"action_time": "2025-04-10T16:45:58.192Z", "user": 1, "content_type": 41, "object_id": "17", "object_repr": "curl hammer - arm-right", "action_flag": 2, "change_message": "[{\"changed\": {\"fields\": [\"Nombre\"]}}]"}}, {"model": "admin.logentry", "pk": 259, "fields": {"action_time": "2025-04-10T16:46:04.934Z", "user": 1, "content_type": 41, "object_id": "16", "object_repr": "biceps curl - arm-left", "action_flag": 2, "change_message": "[{\"changed\": {\"fields\": [\"Nombre\"]}}]"}}, {"model": "admin.logentry", "pk": 260, "fields": {"action_time": "2025-04-10T16:46:12.320Z", "user": 1, "content_type": 41, "object_id": "15", "object_repr": "biceps curl - arm-right", "action_flag": 2, "change_message": "[{\"changed\": {\"fields\": [\"Nombre\"]}}]"}}, {"model": "admin.logentry", "pk": 261, "fields": {"action_time": "2025-04-10T16:46:22.397Z", "user": 1, "content_type": 41, "object_id": "14", "object_repr": "birds - shoulder-left", "action_flag": 2, "change_message": "[{\"changed\": {\"fields\": [\"Nombre\"]}}]"}}, {"model": "admin.logentry", "pk": 262, "fields": {"action_time": "2025-04-10T16:46:32.899Z", "user": 1, "content_type": 41, "object_id": "13", "object_repr": "lateral raises - shoulder-left", "action_flag": 2, "change_message": "[{\"changed\": {\"fields\": [\"Nombre\"]}}]"}}, {"model": "admin.logentry", "pk": 263, "fields": {"action_time": "2025-04-10T16:46:46.206Z", "user": 1, "content_type": 41, "object_id": "12", "object_repr": "shoulder press - shoulder-left", "action_flag": 2, "change_message": "[{\"changed\": {\"fields\": [\"Nombre\"]}}]"}}, {"model": "admin.logentry", "pk": 264, "fields": {"action_time": "2025-04-10T16:46:55.115Z", "user": 1, "content_type": 41, "object_id": "10", "object_repr": "lateral raises - shoulder-right", "action_flag": 2, "change_message": "[{\"changed\": {\"fields\": [\"Nombre\"]}}]"}}, {"model": "admin.logentry", "pk": 265, "fields": {"action_time": "2025-04-10T16:47:05.613Z", "user": 1, "content_type": 41, "object_id": "9", "object_repr": "shoulder press - shoulder-right", "action_flag": 2, "change_message": "[{\"changed\": {\"fields\": [\"Nombre\"]}}]"}}, {"model": "admin.logentry", "pk": 266, "fields": {"action_time": "2025-04-10T16:47:14.704Z", "user": 1, "content_type": 41, "object_id": "8", "object_repr": "deck peck - chest-right", "action_flag": 2, "change_message": "[{\"changed\": {\"fields\": [\"Nombre\"]}}]"}}, {"model": "admin.logentry", "pk": 267, "fields": {"action_time": "2025-04-10T16:47:22.781Z", "user": 1, "content_type": 41, "object_id": "7", "object_repr": "incline bench - chest-right", "action_flag": 2, "change_message": "[{\"changed\": {\"fields\": [\"Nombre\"]}}]"}}, {"model": "admin.logentry", "pk": 268, "fields": {"action_time": "2025-04-10T16:51:20.026Z", "user": 1, "content_type": 41, "object_id": "34", "object_repr": "decline row - clavicule left", "action_flag": 1, "change_message": "[{\"added\": {}}]"}}, {"model": "admin.logentry", "pk": 269, "fields": {"action_time": "2025-04-10T16:51:30.164Z", "user": 1, "content_type": 41, "object_id": "34", "object_repr": "decline row - clavicule-left", "action_flag": 2, "change_message": "[{\"changed\": {\"fields\": [\"Parte cuerpo\"]}}]"}}, {"model": "admin.logentry", "pk": 270, "fields": {"action_time": "2025-04-10T16:51:50.884Z", "user": 1, "content_type": 41, "object_id": "35", "object_repr": "decline row - clavicule-right", "action_flag": 1, "change_message": "[{\"added\": {}}]"}}, {"model": "admin.logentry", "pk": 271, "fields": {"action_time": "2025-04-13T09:49:26.073Z", "user": 1, "content_type": 27, "object_id": "13", "object_repr": "fvf", "action_flag": 3, "change_message": ""}}, {"model": "admin.logentry", "pk": 272, "fields": {"action_time": "2025-06-14T18:20:16.409Z", "user": 1, "content_type": 30, "object_id": "27", "object_repr": "aitor - Correr 4 kilometros hoy", "action_flag": 2, "change_message": "[{\"changed\": {\"fields\": [\"Descripcion\"]}}]"}}, {"model": "admin.logentry", "pk": 273, "fields": {"action_time": "2025-06-14T18:21:16.382Z", "user": 1, "content_type": 30, "object_id": "27", "object_repr": "aitor - Correr 4 kilometros hoy", "action_flag": 2, "change_message": "[{\"changed\": {\"fields\": [\"Descripcion\", \"Fecha fin\"]}}]"}}, {"model": "admin.logentry", "pk": 274, "fields": {"action_time": "2025-06-16T15:24:35.071Z", "user": 1, "content_type": 27, "object_id": "1", "object_repr": "Andar 50 mil pasos", "action_flag": 2, "change_message": "[{\"changed\": {\"fields\": [\"Fecha inicio\", \"Fecha fin\"]}}]"}}, {"model": "admin.logentry", "pk": 275, "fields": {"action_time": "2025-06-16T15:25:01.487Z", "user": 1, "content_type": 27, "object_id": "1", "object_repr": "Andar 50 mil pasos", "action_flag": 2, "change_message": "[{\"changed\": {\"fields\": [\"Fecha inicio\"]}}]"}}, {"model": "admin.logentry", "pk": 276, "fields": {"action_time": "2025-06-16T15:25:52.317Z", "user": 1, "content_type": 27, "object_id": "2", "object_repr": "Correr 50 km", "action_flag": 2, "change_message": "[{\"changed\": {\"fields\": [\"Fecha inicio\", \"Fecha fin\"]}}]"}}, {"model": "auth.permission", "pk": 1, "fields": {"name": "Can add log entry", "content_type": 1, "codename": "add_logentry"}}, {"model": "auth.permission", "pk": 2, "fields": {"name": "Can change log entry", "content_type": 1, "codename": "change_logentry"}}, {"model": "auth.permission", "pk": 3, "fields": {"name": "Can delete log entry", "content_type": 1, "codename": "delete_logentry"}}, {"model": "auth.permission", "pk": 4, "fields": {"name": "Can view log entry", "content_type": 1, "codename": "view_logentry"}}, {"model": "auth.permission", "pk": 5, "fields": {"name": "Can add permission", "content_type": 2, "codename": "add_permission"}}, {"model": "auth.permission", "pk": 6, "fields": {"name": "Can change permission", "content_type": 2, "codename": "change_permission"}}, {"model": "auth.permission", "pk": 7, "fields": {"name": "Can delete permission", "content_type": 2, "codename": "delete_permission"}}, {"model": "auth.permission", "pk": 8, "fields": {"name": "Can view permission", "content_type": 2, "codename": "view_permission"}}, {"model": "auth.permission", "pk": 9, "fields": {"name": "Can add group", "content_type": 3, "codename": "add_group"}}, {"model": "auth.permission", "pk": 10, "fields": {"name": "Can change group", "content_type": 3, "codename": "change_group"}}, {"model": "auth.permission", "pk": 11, "fields": {"name": "Can delete group", "content_type": 3, "codename": "delete_group"}}, {"model": "auth.permission", "pk": 12, "fields": {"name": "Can view group", "content_type": 3, "codename": "view_group"}}, {"model": "auth.permission", "pk": 13, "fields": {"name": "Can add user", "content_type": 4, "codename": "add_user"}}, {"model": "auth.permission", "pk": 14, "fields": {"name": "Can change user", "content_type": 4, "codename": "change_user"}}, {"model": "auth.permission", "pk": 15, "fields": {"name": "Can delete user", "content_type": 4, "codename": "delete_user"}}, {"model": "auth.permission", "pk": 16, "fields": {"name": "Can view user", "content_type": 4, "codename": "view_user"}}, {"model": "auth.permission", "pk": 17, "fields": {"name": "Can add content type", "content_type": 5, "codename": "add_contenttype"}}, {"model": "auth.permission", "pk": 18, "fields": {"name": "Can change content type", "content_type": 5, "codename": "change_contenttype"}}, {"model": "auth.permission", "pk": 19, "fields": {"name": "Can delete content type", "content_type": 5, "codename": "delete_contenttype"}}, {"model": "auth.permission", "pk": 20, "fields": {"name": "Can view content type", "content_type": 5, "codename": "view_contenttype"}}, {"model": "auth.permission", "pk": 21, "fields": {"name": "Can add session", "content_type": 6, "codename": "add_session"}}, {"model": "auth.permission", "pk": 22, "fields": {"name": "Can change session", "content_type": 6, "codename": "change_session"}}, {"model": "auth.permission", "pk": 23, "fields": {"name": "Can delete session", "content_type": 6, "codename": "delete_session"}}, {"model": "auth.permission", "pk": 24, "fields": {"name": "Can view session", "content_type": 6, "codename": "view_session"}}, {"model": "auth.permission", "pk": 25, "fields": {"name": "Can add perfil usuario", "content_type": 7, "codename": "add_perfilusuario"}}, {"model": "auth.permission", "pk": 26, "fields": {"name": "Can change perfil usuario", "content_type": 7, "codename": "change_perfilusuario"}}, {"model": "auth.permission", "pk": 27, "fields": {"name": "Can delete perfil usuario", "content_type": 7, "codename": "delete_perfilusuario"}}, {"model": "auth.permission", "pk": 28, "fields": {"name": "Can view perfil usuario", "content_type": 7, "codename": "view_perfilusuario"}}, {"model": "auth.permission", "pk": 29, "fields": {"name": "Can add site", "content_type": 8, "codename": "add_site"}}, {"model": "auth.permission", "pk": 30, "fields": {"name": "Can change site", "content_type": 8, "codename": "change_site"}}, {"model": "auth.permission", "pk": 31, "fields": {"name": "Can delete site", "content_type": 8, "codename": "delete_site"}}, {"model": "auth.permission", "pk": 32, "fields": {"name": "Can view site", "content_type": 8, "codename": "view_site"}}, {"model": "auth.permission", "pk": 33, "fields": {"name": "Can add email address", "content_type": 9, "codename": "add_emailaddress"}}, {"model": "auth.permission", "pk": 34, "fields": {"name": "Can change email address", "content_type": 9, "codename": "change_emailaddress"}}, {"model": "auth.permission", "pk": 35, "fields": {"name": "Can delete email address", "content_type": 9, "codename": "delete_emailaddress"}}, {"model": "auth.permission", "pk": 36, "fields": {"name": "Can view email address", "content_type": 9, "codename": "view_emailaddress"}}, {"model": "auth.permission", "pk": 37, "fields": {"name": "Can add email confirmation", "content_type": 10, "codename": "add_emailconfirmation"}}, {"model": "auth.permission", "pk": 38, "fields": {"name": "Can change email confirmation", "content_type": 10, "codename": "change_emailconfirmation"}}, {"model": "auth.permission", "pk": 39, "fields": {"name": "Can delete email confirmation", "content_type": 10, "codename": "delete_emailconfirmation"}}, {"model": "auth.permission", "pk": 40, "fields": {"name": "Can view email confirmation", "content_type": 10, "codename": "view_emailconfirmation"}}, {"model": "auth.permission", "pk": 41, "fields": {"name": "Can add social account", "content_type": 11, "codename": "add_socialaccount"}}, {"model": "auth.permission", "pk": 42, "fields": {"name": "Can change social account", "content_type": 11, "codename": "change_socialaccount"}}, {"model": "auth.permission", "pk": 43, "fields": {"name": "Can delete social account", "content_type": 11, "codename": "delete_socialaccount"}}, {"model": "auth.permission", "pk": 44, "fields": {"name": "Can view social account", "content_type": 11, "codename": "view_socialaccount"}}, {"model": "auth.permission", "pk": 45, "fields": {"name": "Can add social application", "content_type": 12, "codename": "add_socialapp"}}, {"model": "auth.permission", "pk": 46, "fields": {"name": "Can change social application", "content_type": 12, "codename": "change_socialapp"}}, {"model": "auth.permission", "pk": 47, "fields": {"name": "Can delete social application", "content_type": 12, "codename": "delete_socialapp"}}, {"model": "auth.permission", "pk": 48, "fields": {"name": "Can view social application", "content_type": 12, "codename": "view_socialapp"}}, {"model": "auth.permission", "pk": 49, "fields": {"name": "Can add social application token", "content_type": 13, "codename": "add_socialtoken"}}, {"model": "auth.permission", "pk": 50, "fields": {"name": "Can change social application token", "content_type": 13, "codename": "change_socialtoken"}}, {"model": "auth.permission", "pk": 51, "fields": {"name": "Can delete social application token", "content_type": 13, "codename": "delete_socialtoken"}}, {"model": "auth.permission", "pk": 52, "fields": {"name": "Can view social application token", "content_type": 13, "codename": "view_socialtoken"}}, {"model": "auth.permission", "pk": 53, "fields": {"name": "Can add entrenador", "content_type": 14, "codename": "add_entrenador"}}, {"model": "auth.permission", "pk": 54, "fields": {"name": "Can change entrenador", "content_type": 14, "codename": "change_entrenador"}}, {"model": "auth.permission", "pk": 55, "fields": {"name": "Can delete entrenador", "content_type": 14, "codename": "delete_entrenador"}}, {"model": "auth.permission", "pk": 56, "fields": {"name": "Can view entrenador", "content_type": 14, "codename": "view_entrenador"}}, {"model": "auth.permission", "pk": 57, "fields": {"name": "Can add grupo", "content_type": 15, "codename": "add_grupo"}}, {"model": "auth.permission", "pk": 58, "fields": {"name": "Can change grupo", "content_type": 15, "codename": "change_grupo"}}, {"model": "auth.permission", "pk": 59, "fields": {"name": "Can delete grupo", "content_type": 15, "codename": "delete_grupo"}}, {"model": "auth.permission", "pk": 60, "fields": {"name": "Can view grupo", "content_type": 15, "codename": "view_grupo"}}, {"model": "auth.permission", "pk": 61, "fields": {"name": "Can add mensaje grupo", "content_type": 16, "codename": "add_mensajegrupo"}}, {"model": "auth.permission", "pk": 62, "fields": {"name": "Can change mensaje grupo", "content_type": 16, "codename": "change_mensajegrupo"}}, {"model": "auth.permission", "pk": 63, "fields": {"name": "Can delete mensaje grupo", "content_type": 16, "codename": "delete_mensajegrupo"}}, {"model": "auth.permission", "pk": 64, "fields": {"name": "Can view mensaje grupo", "content_type": 16, "codename": "view_mensajegrupo"}}, {"model": "auth.permission", "pk": 65, "fields": {"name": "Can add actividad", "content_type": 17, "codename": "add_actividad"}}, {"model": "auth.permission", "pk": 66, "fields": {"name": "Can change actividad", "content_type": 17, "codename": "change_actividad"}}, {"model": "auth.permission", "pk": 67, "fields": {"name": "Can delete actividad", "content_type": 17, "codename": "delete_actividad"}}, {"model": "auth.permission", "pk": 68, "fields": {"name": "Can view actividad", "content_type": 17, "codename": "view_actividad"}}, {"model": "auth.permission", "pk": 69, "fields": {"name": "Can add mensaje actividad", "content_type": 18, "codename": "add_mensajeactividad"}}, {"model": "auth.permission", "pk": 70, "fields": {"name": "Can change mensaje actividad", "content_type": 18, "codename": "change_mensajeactividad"}}, {"model": "auth.permission", "pk": 71, "fields": {"name": "Can delete mensaje actividad", "content_type": 18, "codename": "delete_mensajeactividad"}}, {"model": "auth.permission", "pk": 72, "fields": {"name": "Can view mensaje actividad", "content_type": 18, "codename": "view_mensajeactividad"}}, {"model": "auth.permission", "pk": 73, "fields": {"name": "Can add chat actividad", "content_type": 19, "codename": "add_chatactividad"}}, {"model": "auth.permission", "pk": 74, "fields": {"name": "Can change chat actividad", "content_type": 19, "codename": "change_chatactividad"}}, {"model": "auth.permission", "pk": 75, "fields": {"name": "Can delete chat actividad", "content_type": 19, "codename": "delete_chatactividad"}}, {"model": "auth.permission", "pk": 76, "fields": {"name": "Can view chat actividad", "content_type": 19, "codename": "view_chatactividad"}}, {"model": "auth.permission", "pk": 77, "fields": {"name": "Can add mensaje privado", "content_type": 20, "codename": "add_mensajeprivado"}}, {"model": "auth.permission", "pk": 78, "fields": {"name": "Can change mensaje privado", "content_type": 20, "codename": "change_mensajeprivado"}}, {"model": "auth.permission", "pk": 79, "fields": {"name": "Can delete mensaje privado", "content_type": 20, "codename": "delete_mensajeprivado"}}, {"model": "auth.permission", "pk": 80, "fields": {"name": "Can view mensaje privado", "content_type": 20, "codename": "view_mensajeprivado"}}, {"model": "auth.permission", "pk": 81, "fields": {"name": "Can add grupo visitado", "content_type": 21, "codename": "add_grupovisitado"}}, {"model": "auth.permission", "pk": 82, "fields": {"name": "Can change grupo visitado", "content_type": 21, "codename": "change_grupovisitado"}}, {"model": "auth.permission", "pk": 83, "fields": {"name": "Can delete grupo visitado", "content_type": 21, "codename": "delete_grupovisitado"}}, {"model": "auth.permission", "pk": 84, "fields": {"name": "Can view grupo visitado", "content_type": 21, "codename": "view_grupovisitado"}}, {"model": "auth.permission", "pk": 85, "fields": {"name": "Can add like", "content_type": 22, "codename": "add_like"}}, {"model": "auth.permission", "pk": 86, "fields": {"name": "Can change like", "content_type": 22, "codename": "change_like"}}, {"model": "auth.permission", "pk": 87, "fields": {"name": "Can delete like", "content_type": 22, "codename": "delete_like"}}, {"model": "auth.permission", "pk": 88, "fields": {"name": "Can view like", "content_type": 22, "codename": "view_like"}}, {"model": "auth.permission", "pk": 89, "fields": {"name": "Can add publicacion", "content_type": 23, "codename": "add_publicacion"}}, {"model": "auth.permission", "pk": 90, "fields": {"name": "Can change publicacion", "content_type": 23, "codename": "change_publicacion"}}, {"model": "auth.permission", "pk": 91, "fields": {"name": "Can delete publicacion", "content_type": 23, "codename": "delete_publicacion"}}, {"model": "auth.permission", "pk": 92, "fields": {"name": "Can view publicacion", "content_type": 23, "codename": "view_publicacion"}}, {"model": "auth.permission", "pk": 93, "fields": {"name": "Can add comentario", "content_type": 24, "codename": "add_comentario"}}, {"model": "auth.permission", "pk": 94, "fields": {"name": "Can change comentario", "content_type": 24, "codename": "change_comentario"}}, {"model": "auth.permission", "pk": 95, "fields": {"name": "Can delete comentario", "content_type": 24, "codename": "delete_comentario"}}, {"model": "auth.permission", "pk": 96, "fields": {"name": "Can view comentario", "content_type": 24, "codename": "view_comentario"}}, {"model": "auth.permission", "pk": 97, "fields": {"name": "Can add solicitud entrenador", "content_type": 25, "codename": "add_solicitudentrenador"}}, {"model": "auth.permission", "pk": 98, "fields": {"name": "Can change solicitud entrenador", "content_type": 25, "codename": "change_solicitudentrenador"}}, {"model": "auth.permission", "pk": 99, "fields": {"name": "Can delete solicitud entrenador", "content_type": 25, "codename": "delete_solicitudentrenador"}}, {"model": "auth.permission", "pk": 100, "fields": {"name": "Can view solicitud entrenador", "content_type": 25, "codename": "view_solicitudentrenador"}}, {"model": "auth.permission", "pk": 101, "fields": {"name": "Can add participacion reto", "content_type": 26, "codename": "add_participacionreto"}}, {"model": "auth.permission", "pk": 102, "fields": {"name": "Can change participacion reto", "content_type": 26, "codename": "change_participacionreto"}}, {"model": "auth.permission", "pk": 103, "fields": {"name": "Can delete participacion reto", "content_type": 26, "codename": "delete_participacionreto"}}, {"model": "auth.permission", "pk": 104, "fields": {"name": "Can view participacion reto", "content_type": 26, "codename": "view_participacionreto"}}, {"model": "auth.permission", "pk": 105, "fields": {"name": "Can add reto", "content_type": 27, "codename": "add_reto"}}, {"model": "auth.permission", "pk": 106, "fields": {"name": "Can change reto", "content_type": 27, "codename": "change_reto"}}, {"model": "auth.permission", "pk": 107, "fields": {"name": "Can delete reto", "content_type": 27, "codename": "delete_reto"}}, {"model": "auth.permission", "pk": 108, "fields": {"name": "Can view reto", "content_type": 27, "codename": "view_reto"}}, {"model": "auth.permission", "pk": 109, "fields": {"name": "Can add notificacion", "content_type": 28, "codename": "add_notificacion"}}, {"model": "auth.permission", "pk": 110, "fields": {"name": "Can change notificacion", "content_type": 28, "codename": "change_notificacion"}}, {"model": "auth.permission", "pk": 111, "fields": {"name": "Can delete notificacion", "content_type": 28, "codename": "delete_notificacion"}}, {"model": "auth.permission", "pk": 112, "fields": {"name": "Can view notificacion", "content_type": 28, "codename": "view_notificacion"}}, {"model": "auth.permission", "pk": 113, "fields": {"name": "Can add progreso meta", "content_type": 29, "codename": "add_progresometa"}}, {"model": "auth.permission", "pk": 114, "fields": {"name": "Can change progreso meta", "content_type": 29, "codename": "change_progresometa"}}, {"model": "auth.permission", "pk": 115, "fields": {"name": "Can delete progreso meta", "content_type": 29, "codename": "delete_progresometa"}}, {"model": "auth.permission", "pk": 116, "fields": {"name": "Can view progreso meta", "content_type": 29, "codename": "view_progresometa"}}, {"model": "auth.permission", "pk": 117, "fields": {"name": "Can add meta usuario", "content_type": 30, "codename": "add_metausuario"}}, {"model": "auth.permission", "pk": 118, "fields": {"name": "Can change meta usuario", "content_type": 30, "codename": "change_metausuario"}}, {"model": "auth.permission", "pk": 119, "fields": {"name": "Can delete meta usuario", "content_type": 30, "codename": "delete_metausuario"}}, {"model": "auth.permission", "pk": 120, "fields": {"name": "Can view meta usuario", "content_type": 30, "codename": "view_metausuario"}}, {"model": "auth.permission", "pk": 121, "fields": {"name": "Can add logro usuario", "content_type": 31, "codename": "add_logrousuario"}}, {"model": "auth.permission", "pk": 122, "fields": {"name": "Can change logro usuario", "content_type": 31, "codename": "change_logrousuario"}}, {"model": "auth.permission", "pk": 123, "fields": {"name": "Can delete logro usuario", "content_type": 31, "codename": "delete_logrousuario"}}, {"model": "auth.permission", "pk": 124, "fields": {"name": "Can view logro usuario", "content_type": 31, "codename": "view_logrousuario"}}, {"model": "auth.permission", "pk": 125, "fields": {"name": "Can add logro", "content_type": 32, "codename": "add_logro"}}, {"model": "auth.permission", "pk": 126, "fields": {"name": "Can change logro", "content_type": 32, "codename": "change_logro"}}, {"model": "auth.permission", "pk": 127, "fields": {"name": "Can delete logro", "content_type": 32, "codename": "delete_logro"}}, {"model": "auth.permission", "pk": 128, "fields": {"name": "Can view logro", "content_type": 32, "codename": "view_logro"}}, {"model": "auth.permission", "pk": 129, "fields": {"name": "Can add crontab", "content_type": 33, "codename": "add_crontabschedule"}}, {"model": "auth.permission", "pk": 130, "fields": {"name": "Can change crontab", "content_type": 33, "codename": "change_crontabschedule"}}, {"model": "auth.permission", "pk": 131, "fields": {"name": "Can delete crontab", "content_type": 33, "codename": "delete_crontabschedule"}}, {"model": "auth.permission", "pk": 132, "fields": {"name": "Can view crontab", "content_type": 33, "codename": "view_crontabschedule"}}, {"model": "auth.permission", "pk": 133, "fields": {"name": "Can add interval", "content_type": 34, "codename": "add_intervalschedule"}}, {"model": "auth.permission", "pk": 134, "fields": {"name": "Can change interval", "content_type": 34, "codename": "change_intervalschedule"}}, {"model": "auth.permission", "pk": 135, "fields": {"name": "Can delete interval", "content_type": 34, "codename": "delete_intervalschedule"}}, {"model": "auth.permission", "pk": 136, "fields": {"name": "Can view interval", "content_type": 34, "codename": "view_intervalschedule"}}, {"model": "auth.permission", "pk": 137, "fields": {"name": "Can add periodic task", "content_type": 35, "codename": "add_periodictask"}}, {"model": "auth.permission", "pk": 138, "fields": {"name": "Can change periodic task", "content_type": 35, "codename": "change_periodictask"}}, {"model": "auth.permission", "pk": 139, "fields": {"name": "Can delete periodic task", "content_type": 35, "codename": "delete_periodictask"}}, {"model": "auth.permission", "pk": 140, "fields": {"name": "Can view periodic task", "content_type": 35, "codename": "view_periodictask"}}, {"model": "auth.permission", "pk": 141, "fields": {"name": "Can add periodic task track", "content_type": 36, "codename": "add_periodictasks"}}, {"model": "auth.permission", "pk": 142, "fields": {"name": "Can change periodic task track", "content_type": 36, "codename": "change_periodictasks"}}, {"model": "auth.permission", "pk": 143, "fields": {"name": "Can delete periodic task track", "content_type": 36, "codename": "delete_periodictasks"}}, {"model": "auth.permission", "pk": 144, "fields": {"name": "Can view periodic task track", "content_type": 36, "codename": "view_periodictasks"}}, {"model": "auth.permission", "pk": 145, "fields": {"name": "Can add solar event", "content_type": 37, "codename": "add_solarschedule"}}, {"model": "auth.permission", "pk": 146, "fields": {"name": "Can change solar event", "content_type": 37, "codename": "change_solarschedule"}}, {"model": "auth.permission", "pk": 147, "fields": {"name": "Can delete solar event", "content_type": 37, "codename": "delete_solarschedule"}}, {"model": "auth.permission", "pk": 148, "fields": {"name": "Can view solar event", "content_type": 37, "codename": "view_solarschedule"}}, {"model": "auth.permission", "pk": 149, "fields": {"name": "Can add clocked", "content_type": 38, "codename": "add_clockedschedule"}}, {"model": "auth.permission", "pk": 150, "fields": {"name": "Can change clocked", "content_type": 38, "codename": "change_clockedschedule"}}, {"model": "auth.permission", "pk": 151, "fields": {"name": "Can delete clocked", "content_type": 38, "codename": "delete_clockedschedule"}}, {"model": "auth.permission", "pk": 152, "fields": {"name": "Can view clocked", "content_type": 38, "codename": "view_clockedschedule"}}, {"model": "auth.permission", "pk": 153, "fields": {"name": "Can add solicitud entrenamiento", "content_type": 39, "codename": "add_solicitudentrenamiento"}}, {"model": "auth.permission", "pk": 154, "fields": {"name": "Can change solicitud entrenamiento", "content_type": 39, "codename": "change_solicitudentrenamiento"}}, {"model": "auth.permission", "pk": 155, "fields": {"name": "Can delete solicitud entrenamiento", "content_type": 39, "codename": "delete_solicitudentrenamiento"}}, {"model": "auth.permission", "pk": 156, "fields": {"name": "Can view solicitud entrenamiento", "content_type": 39, "codename": "view_solicitudentrenamiento"}}, {"model": "auth.permission", "pk": 157, "fields": {"name": "Can add entrenamiento", "content_type": 40, "codename": "add_entrenamiento"}}, {"model": "auth.permission", "pk": 158, "fields": {"name": "Can change entrenamiento", "content_type": 40, "codename": "change_entrenamiento"}}, {"model": "auth.permission", "pk": 159, "fields": {"name": "Can delete entrenamiento", "content_type": 40, "codename": "delete_entrenamiento"}}, {"model": "auth.permission", "pk": 160, "fields": {"name": "Can view entrenamiento", "content_type": 40, "codename": "view_entrenamiento"}}, {"model": "auth.permission", "pk": 161, "fields": {"name": "Can add entreno", "content_type": 41, "codename": "add_entreno"}}, {"model": "auth.permission", "pk": 162, "fields": {"name": "Can change entreno", "content_type": 41, "codename": "change_entreno"}}, {"model": "auth.permission", "pk": 163, "fields": {"name": "Can delete entreno", "content_type": 41, "codename": "delete_entreno"}}, {"model": "auth.permission", "pk": 164, "fields": {"name": "Can view entreno", "content_type": 41, "codename": "view_entreno"}}, {"model": "auth.user", "pk": 1, "fields": {"password": "pbkdf2_sha256$870000$zLycSc0zy65hkAuO5P2k6n$LmZlLza9NMWbB9oE3TQ2q9lSNese2/HiwDEvGIFkf6A=", "last_login": "2025-07-13T17:42:23.037Z", "is_superuser": true, "username": "aitor", "first_name": "", "last_name": "", "email": "agonzalo021@ikasle.ehu.eus", "is_staff": true, "is_active": true, "date_joined": "2024-12-13T13:32:02Z", "groups": [], "user_permissions": []}}, {"model": "auth.user", "pk": 19, "fields": {"password": "pbkdf2_sha256$870000$bbGzRlhldhm6o2KxnVDrwI$1uMIIUrdHX3hTln8A3aE0anj1osBSNeC2vCwjMftnYw=", "last_login": "2025-04-11T18:37:20.796Z", "is_superuser": false, "username": "Patricia", "first_name": "", "last_name": "", "email": "p@gmail.com", "is_staff": false, "is_active": true, "date_joined": "2024-12-27T19:50:24.936Z", "groups": [], "user_permissions": []}}, {"model": "auth.user", "pk": 21, "fields": {"password": "pbkdf2_sha256$870000$qoeI13dHZnfAcc71BrNLuY$m9eIMkQ1gnsnYYBu/zLrjjB03N5Hqa4bDaOH4IsK7r8=", "last_login": "2025-06-16T15:38:10.546Z", "is_superuser": false, "username": "monica", "first_name": "", "last_name": "", "email": "m@gmail.com", "is_staff": false, "is_active": true, "date_joined": "2024-12-29T12:27:28.079Z", "groups": [], "user_permissions": []}}, {"model": "auth.user", "pk": 22, "fields": {"password": "pbkdf2_sha256$870000$Tfy7eBlPYee428NgZUCNk5$fkJU2/kEJ2n3NzdeUwVaCcQuffP2VIxdt+3u1SFeGmI=", "last_login": "2025-01-25T16:59:59.473Z", "is_superuser": false, "username": "juan", "first_name": "", "last_name": "", "email": "j@gmail.com", "is_staff": false, "is_active": true, "date_joined": "2024-12-30T18:24:35.308Z", "groups": [], "user_permissions": []}}, {"model": "auth.user", "pk": 23, "fields": {"password": "pbkdf2_sha256$870000$TTYV7SnvO2rOfboNMPhf5H$xZ42u2IEy6/d0teiiOk1FYlsadhfC7FFKEuvrA2csso=", "last_login": "2025-06-19T09:44:01.625Z", "is_superuser": false, "username": "helen", "first_name": "", "last_name": "", "email": "h@gmail.com", "is_staff": false, "is_active": true, "date_joined": "2025-01-04T19:25:41.489Z", "groups": [], "user_permissions": []}}, {"model": "auth.user", "pk": 28, "fields": {"password": "pbkdf2_sha256$870000$S5BmEz86O2MkkM6prKfdu6$fviowdxW2mq1iyc3jaZKgAJnLlmWrP+qgR+qNcK/9hQ=", "last_login": "2025-04-11T18:13:17.268Z", "is_superuser": false, "username": "oscar", "first_name": "", "last_name": "", "email": "o@gmail.com", "is_staff": false, "is_active": true, "date_joined": "2025-01-09T19:15:20.979Z", "groups": [], "user_permissions": []}}, {"model": "auth.user", "pk": 29, "fields": {"password": "pbkdf2_sha256$870000$3THxZSQLBOtyjA5GmVU0nh$t2M+kkghjjI4HCADoAnGz1QjPQy1VO3wEcTl5W3pmeE=", "last_login": "2025-01-09T19:43:16.785Z", "is_superuser": false, "username": "josefi", "first_name": "", "last_name": "", "email": "jo@gmail.com", "is_staff": false, "is_active": true, "date_joined": "2025-01-09T19:43:05.830Z", "groups": [], "user_permissions": []}}, {"model": "auth.user", "pk": 30, "fields": {"password": "pbkdf2_sha256$870000$VV2qaT8yJwEMLROiD2x4GE$lGPZ2xuntqbfoLEom2ay2fQUntNSy3dvKKXwRgHV/Nc=", "last_login": "2025-06-16T15:31:24.539Z", "is_superuser": false, "username": "iker", "first_name": "", "last_name": "", "email": "iker@gmail.com", "is_staff": false, "is_active": true, "date_joined": "2025-01-12T10:33:02.830Z", "groups": [], "user_permissions": []}}, {"model": "auth.user", "pk": 35, "fields": {"password": "!Jps1iirdGW6GHEMjeTdTKBeARPg4prYMr7pcvZEJ", "last_login": "2025-07-12T12:11:44.609Z", "is_superuser": false, "username": "A.gonzalo_10", "first_name": "", "last_name": "", "email": "A.gonzalo_10@hotmail.es", "is_staff": false, "is_active": true, "date_joined": "2025-01-22T19:01:36.954Z", "groups": [], "user_permissions": []}}, {"model": "auth.user", "pk": 36, "fields": {"password": "!gKMUhmG7DrIMI8O9s0XSxOP34Ma5anqnvRkEsEWG", "last_login": "2025-07-14T07:48:39.304Z", "is_superuser": false, "username": "desarrolloskylimit", "first_name": "", "last_name": "", "email": "desarrolloskylimit@gmail.com", "is_staff": false, "is_active": true, "date_joined": "2025-01-22T19:01:47.016Z", "groups": [], "user_permissions": []}}, {"model": "auth.user", "pk": 37, "fields": {"password": "pbkdf2_sha256$870000$sDCAqPgTgS0z2FH4sPXVYP$+VeML5Ie++V1fGDRYT8d9OQaYxrrQyQCbUSt32ItNRc=", "last_login": "2025-01-30T18:44:44.280Z", "is_superuser": false, "username": "marcio", "first_name": "", "last_name": "", "email": "ma@gmail.com", "is_staff": false, "is_active": true, "date_joined": "2025-01-30T18:44:34.178Z", "groups": [], "user_permissions": []}}, {"model": "auth.user", "pk": 38, "fields": {"password": "pbkdf2_sha256$870000$EYvCTpaJ1rYnA0FcDBERmw$Kt8g/K+XQ1W+KHav4UA40ruW1CGTgB2/2VFMKxaWQxU=", "last_login": "2025-04-11T18:06:30.712Z", "is_superuser": false, "username": "Pablo", "first_name": "", "last_name": "", "email": "pablo@gmail.com", "is_staff": false, "is_active": true, "date_joined": "2025-04-11T18:06:29.594Z", "groups": [], "user_permissions": []}}, {"model": "auth.user", "pk": 39, "fields": {"password": "pbkdf2_sha256$870000$jrFBPk0jIDi7rgxCLt75aV$PJG3dPY+Zi6gDDZ6k3eypzJvHY916GvG+a8pBB31iaM=", "last_login": null, "is_superuser": false, "username": "david12", "first_name": "", "last_name": "", "email": "d@gmail.com", "is_staff": false, "is_active": true, "date_joined": "2025-06-18T16:25:40.731Z", "groups": [], "user_permissions": []}}, {"model": "auth.user", "pk": 40, "fields": {"password": "pbkdf2_sha256$870000$EyJQvQan38XxbyAorNkXCY$bb+HQXxbbubeWpkwpQvcklP/LeOlJ6VsWP6AdBwKn5A=", "last_login": null, "is_superuser": false, "username": "pepe", "first_name": "", "last_name": "", "email": "pe@gmail.com", "is_staff": false, "is_active": true, "date_joined": "2025-06-18T16:27:05.949Z", "groups": [], "user_permissions": []}}, {"model": "contenttypes.contenttype", "pk": 1, "fields": {"app_label": "admin", "model": "logentry"}}, {"model": "contenttypes.contenttype", "pk": 2, "fields": {"app_label": "auth", "model": "permission"}}, {"model": "contenttypes.contenttype", "pk": 3, "fields": {"app_label": "auth", "model": "group"}}, {"model": "contenttypes.contenttype", "pk": 4, "fields": {"app_label": "auth", "model": "user"}}, {"model": "contenttypes.contenttype", "pk": 5, "fields": {"app_label": "contenttypes", "model": "contenttype"}}, {"model": "contenttypes.contenttype", "pk": 6, "fields": {"app_label": "sessions", "model": "session"}}, {"model": "contenttypes.contenttype", "pk": 7, "fields": {"app_label": "skylimit", "model": "perfilusuario"}}, {"model": "contenttypes.contenttype", "pk": 8, "fields": {"app_label": "sites", "model": "site"}}, {"model": "contenttypes.contenttype", "pk": 9, "fields": {"app_label": "account", "model": "emailaddress"}}, {"model": "contenttypes.contenttype", "pk": 10, "fields": {"app_label": "account", "model": "emailconfirmation"}}, {"model": "contenttypes.contenttype", "pk": 11, "fields": {"app_label": "socialaccount", "model": "socialaccount"}}, {"model": "contenttypes.contenttype", "pk": 12, "fields": {"app_label": "socialaccount", "model": "socialapp"}}, {"model": "contenttypes.contenttype", "pk": 13, "fields": {"app_label": "socialaccount", "model": "socialtoken"}}, {"model": "contenttypes.contenttype", "pk": 14, "fields": {"app_label": "skylimit", "model": "entrenador"}}, {"model": "contenttypes.contenttype", "pk": 15, "fields": {"app_label": "skylimit", "model": "grupo"}}, {"model": "contenttypes.contenttype", "pk": 16, "fields": {"app_label": "skylimit", "model": "mensajegrupo"}}, {"model": "contenttypes.contenttype", "pk": 17, "fields": {"app_label": "skylimit", "model": "actividad"}}, {"model": "contenttypes.contenttype", "pk": 18, "fields": {"app_label": "skylimit", "model": "mensajeactividad"}}, {"model": "contenttypes.contenttype", "pk": 19, "fields": {"app_label": "skylimit", "model": "chatactividad"}}, {"model": "contenttypes.contenttype", "pk": 20, "fields": {"app_label": "skylimit", "model": "mensajeprivado"}}, {"model": "contenttypes.contenttype", "pk": 21, "fields": {"app_label": "skylimit", "model": "grupovisitado"}}, {"model": "contenttypes.contenttype", "pk": 22, "fields": {"app_label": "skylimit", "model": "like"}}, {"model": "contenttypes.contenttype", "pk": 23, "fields": {"app_label": "skylimit", "model": "publicacion"}}, {"model": "contenttypes.contenttype", "pk": 24, "fields": {"app_label": "skylimit", "model": "comentario"}}, {"model": "contenttypes.contenttype", "pk": 25, "fields": {"app_label": "skylimit", "model": "solicitudentrenador"}}, {"model": "contenttypes.contenttype", "pk": 26, "fields": {"app_label": "skylimit", "model": "participacionreto"}}, {"model": "contenttypes.contenttype", "pk": 27, "fields": {"app_label": "skylimit", "model": "reto"}}, {"model": "contenttypes.contenttype", "pk": 28, "fields": {"app_label": "skylimit", "model": "notificacion"}}, {"model": "contenttypes.contenttype", "pk": 29, "fields": {"app_label": "skylimit", "model": "progresometa"}}, {"model": "contenttypes.contenttype", "pk": 30, "fields": {"app_label": "skylimit", "model": "metausuario"}}, {"model": "contenttypes.contenttype", "pk": 31, "fields": {"app_label": "skylimit", "model": "logrousuario"}}, {"model": "contenttypes.contenttype", "pk": 32, "fields": {"app_label": "skylimit", "model": "logro"}}, {"model": "contenttypes.contenttype", "pk": 33, "fields": {"app_label": "django_celery_beat", "model": "crontabschedule"}}, {"model": "contenttypes.contenttype", "pk": 34, "fields": {"app_label": "django_celery_beat", "model": "intervalschedule"}}, {"model": "contenttypes.contenttype", "pk": 35, "fields": {"app_label": "django_celery_beat", "model": "periodictask"}}, {"model": "contenttypes.contenttype", "pk": 36, "fields": {"app_label": "django_celery_beat", "model": "periodictasks"}}, {"model": "contenttypes.contenttype", "pk": 37, "fields": {"app_label": "django_celery_beat", "model": "solarschedule"}}, {"model": "contenttypes.contenttype", "pk": 38, "fields": {"app_label": "django_celery_beat", "model": "clockedschedule"}}, {"model": "contenttypes.contenttype", "pk": 39, "fields": {"app_label": "skylimit", "model": "solicitudentrenamiento"}}, {"model": "contenttypes.contenttype", "pk": 40, "fields": {"app_label": "skylimit", "model": "entrenamiento"}}, {"model": "contenttypes.contenttype", "pk": 41, "fields": {"app_label": "skylimit", "model": "entreno"}}, {"model": "sessions.session", "pk": "27m713iotfpt8u72lte2hsut2q4t0wyb", "fields": {"session_data": ".eJxVjEEOwiAURO_C2hCgwC8u3fcM5MMHqRpISrsy3t026UJ3k3lv5s08bmvxW0-Ln4ldmWSX3y5gfKZ6AHpgvTceW12XOfBD4SftfGqUXrfT_Tso2Mu-RpdilCDQEEpjnA40ZjnsaVA2C9IiOm3J4QAOFI4KJFEGYbPFBFGwzxfe5Ter:1twlsI:TpG4vl0Y0I5WzytRQNr1wrp_zdi4zHJmJRx4C5ye8TM", "expire_date": "2025-04-07T17:46:10.974Z"}}, {"model": "sessions.session", "pk": "2rm98srvarjn4ro13oaquko6t5q10b1z", "fields": {"session_data": ".eJxVjEEOwiAURO_C2hCgwC8u3fcM5MMHqRpISrsy3t026UJ3k3lv5s08bmvxW0-Ln4ldmWSX3y5gfKZ6AHpgvTceW12XOfBD4SftfGqUXrfT_Tso2Mu-RpdilCDQEEpjnA40ZjnsaVA2C9IiOm3J4QAOFI4KJFEGYbPFBFGwzxfe5Ter:1tM5n0:bZRie77U0WPipeky496OhvmU4qwHAPwk81Ij6Y3Lof4", "expire_date": "2024-12-27T13:33:06.944Z"}}, {"model": "sessions.session", "pk": "3allrlv713b5jwiccpr9m3p5us0r7kg4", "fields": {"session_data": ".eJxVjDsOwjAQBe_iGlnJxl9Kes5grddrHEC2FCcV4u4QKQW0b2beSwTc1hK2zkuYkzgLEKffLSI9uO4g3bHemqRW12WOclfkQbu8tsTPy-H-HRTs5VuTsTBaHDOZaIbJOq1NVIBacVZMAAgOPVs35IliopSnpBEgR2-dYy_eH-AcOD8:1tNFky:5xx9cqjchYmvfJXqBEaJmwegXEhlBK7hblHIOp5sNvY", "expire_date": "2024-12-30T18:23:48.195Z"}}, {"model": "sessions.session", "pk": "6obmq1f3la4cxnoo7dlj7ltjnobru9f1", "fields": {"session_data": ".eJxVjEEOwiAURO_C2hCgwC8u3fcM5MMHqRpISrsy3t026UJ3k3lv5s08bmvxW0-Ln4ldmWSX3y5gfKZ6AHpgvTceW12XOfBD4SftfGqUXrfT_Tso2Mu-RpdilCDQEEpjnA40ZjnsaVA2C9IiOm3J4QAOFI4KJFEGYbPFBFGwzxfe5Ter:1tQ1Wp:WXuWP819taJBOJzCc3m_rDrcas8ow5y2a0-En-r1GqA", "expire_date": "2025-01-07T09:48:39.949Z"}}, {"model": "sessions.session", "pk": "kauj7lin46b4cr5g6zgknwzla8as1bx9", "fields": {"session_data": ".eJxVjEEOwiAURO_C2hCgwC8u3fcM5MMHqRpISrsy3t026UJ3k3lv5s08bmvxW0-Ln4ldmWSX3y5gfKZ6AHpgvTceW12XOfBD4SftfGqUXrfT_Tso2Mu-RpdilCDQEEpjnA40ZjnsaVA2C9IiOm3J4QAOFI4KJFEGYbPFBFGwzxfe5Ter:1taIyM:7AcNhBhqJIQgLMjiQ2aLBq8CqtJXTo-_3pW3t4fQjzc", "expire_date": "2025-02-04T18:27:34.321Z"}}, {"model": "sessions.session", "pk": "mt0tlrkaz3ru07dxejl2lzxx5bunoj8g", "fields": {"session_data": ".eJxVjEEOwiAURO_C2hCgwC8u3fcM5MMHqRpISrsy3t026UJ3k3lv5s08bmvxW0-Ln4ldmWSX3y5gfKZ6AHpgvTceW12XOfBD4SftfGqUXrfT_Tso2Mu-RpdilCDQEEpjnA40ZjnsaVA2C9IiOm3J4QAOFI4KJFEGYbPFBFGwzxfe5Ter:1tQ1SV:LY6oQb1oCqiEkoFQpgQn_ThNfiSuxQJm2zQNek7YCnQ", "expire_date": "2025-01-07T09:44:11.648Z"}}, {"model": "sessions.session", "pk": "petbsvj87eoxm4llavqsrzi7t0kl0avs", "fields": {"session_data": ".eJxVjEEOwiAURO_C2hCgwC8u3fcM5MMHqRpISrsy3t026UJ3k3lv5s08bmvxW0-Ln4ldmWSX3y5gfKZ6AHpgvTceW12XOfBD4SftfGqUXrfT_Tso2Mu-RpdilCDQEEpjnA40ZjnsaVA2C9IiOm3J4QAOFI4KJFEGYbPFBFGwzxfe5Ter:1tTQ9W:FdaG1xgUIJtnxXcTgo_K4qs6ScRJjKlm2D2UpO0JZJw", "expire_date": "2025-01-16T18:42:38.486Z"}}, {"model": "sessions.session", "pk": "pmlq3yctemrx4x76sr4trzmjxqnwauvy", "fields": {"session_data": ".eJxVjEEOwiAURO_C2hCgwC8u3fcM5MMHqRpISrsy3t026UJ3k3lv5s08bmvxW0-Ln4ldmWSX3y5gfKZ6AHpgvTceW12XOfBD4SftfGqUXrfT_Tso2Mu-RpdilCDQEEpjnA40ZjnsaVA2C9IiOm3J4QAOFI4KJFEGYbPFBFGwzxfe5Ter:1tSEgG:OBWEoljCvWNCfg-ZBY3pD6F65VSZ7cccTJ_Vz6BJrBM", "expire_date": "2025-01-13T12:15:32.808Z"}}, {"model": "sessions.session", "pk": "t8s6lnd2ebqpnnk951fnzs14g57vt73g", "fields": {"session_data": ".eJxVjEEOwiAURO_C2hCgwC8u3fcM5MMHqRpISrsy3t026UJ3k3lv5s08bmvxW0-Ln4ldmWSX3y5gfKZ6AHpgvTceW12XOfBD4SftfGqUXrfT_Tso2Mu-RpdilCDQEEpjnA40ZjnsaVA2C9IiOm3J4QAOFI4KJFEGYbPFBFGwzxfe5Ter:1tSEZQ:NxPFHHj1Pb4Ee4WTIbyzXY3Xw9rZZLkFkVpGl8G7qXw", "expire_date": "2025-01-13T12:08:28.964Z"}}, {"model": "sessions.session", "pk": "whbm1inh7udt8cwq4kltocp5arjfnkq1", "fields": {"session_data": ".eJxVjM0OgyAQhN9lz8b4Q0C8tS9ClmWNpBQTgV6M715t7MHjfDPzbZAW8hiQaCkxm5Qxc4Jx2yv4sw-vfvLsDL_RBxhjCaECgyXPpiRejXcwQi_hBi3Si-PZYAgnri9f_dtcdaofR-KYPWH2S3xer5tqxjQfnkGwlTgprWyjHBP3LSlyrAbSum-GRqJUQrTE0ra26zpyyjlLbJVmdgL2L6UDUxA:1tafz1:adyyyUs_H7g-JcX6ZPADr8sj5y9Lhs4MY8OsE-MEtYc", "expire_date": "2025-02-05T19:01:47.090Z"}}, {"model": "skylimit.perfilusuario", "pk": 1, "fields": {"user": 1, "nombre": "Aitor", "apellidos": "Gonzalo", "descripcion": "Bienvenido a la mejor web del mundo", "edad": 22, "genero": "Masculino", "intereses": "Surf,snow", "nivel_experiencia": "Avanzado", "metas": "Profesional", "avatar": "avatars/wave-calm.png"}}, {"model": "skylimit.perfilusuario", "pk": 19, "fields": {"user": 19, "nombre": "", "apellidos": "", "descripcion": "", "edad": null, "genero": "", "intereses": "", "nivel_experiencia": "", "metas": "", "avatar": ""}}, {"model": "skylimit.perfilusuario", "pk": 21, "fields": {"user": 21, "nombre": "", "apellidos": "", "descripcion": "", "edad": null, "genero": "", "intereses": "", "nivel_experiencia": "", "metas": "", "avatar": ""}}, {"model": "skylimit.perfilusuario", "pk": 22, "fields": {"user": 22, "nombre": "", "apellidos": "", "descripcion": "", "edad": null, "genero": "", "intereses": "", "nivel_experiencia": "", "metas": "", "avatar": "avatars/nadar_ajIuHHz.jpeg"}}, {"model": "skylimit.perfilusuario", "pk": 23, "fields": {"user": 23, "nombre": "", "apellidos": "", "descripcion": "", "edad": null, "genero": "", "intereses": "", "nivel_experiencia": "", "metas": "", "avatar": ""}}, {"model": "skylimit.perfilusuario", "pk": 28, "fields": {"user": 28, "nombre": "", "apellidos": "", "descripcion": "", "edad": null, "genero": "", "intereses": "", "nivel_experiencia": "", "metas": "", "avatar": ""}}, {"model": "skylimit.perfilusuario", "pk": 29, "fields": {"user": 29, "nombre": "", "apellidos": "", "descripcion": "", "edad": null, "genero": "", "intereses": "", "nivel_experiencia": "", "metas": "", "avatar": ""}}, {"model": "skylimit.perfilusuario", "pk": 30, "fields": {"user": 30, "nombre": "", "apellidos": "", "descripcion": "", "edad": null, "genero": "", "intereses": "", "nivel_experiencia": "", "metas": "", "avatar": ""}}, {"model": "skylimit.perfilusuario", "pk": 35, "fields": {"user": 35, "nombre": "", "apellidos": "", "descripcion": "", "edad": null, "genero": "", "intereses": "", "nivel_experiencia": "", "metas": "", "avatar": ""}}, {"model": "skylimit.perfilusuario", "pk": 36, "fields": {"user": 36, "nombre": "", "apellidos": "", "descripcion": "", "edad": null, "genero": "", "intereses": "", "nivel_experiencia": "", "metas": "", "avatar": ""}}, {"model": "skylimit.perfilusuario", "pk": 37, "fields": {"user": 37, "nombre": "", "apellidos": "", "descripcion": "", "edad": null, "genero": "", "intereses": "", "nivel_experiencia": "", "metas": "", "avatar": ""}}, {"model": "skylimit.perfilusuario", "pk": 38, "fields": {"user": 38, "nombre": "pablo", "apellidos": "lec", "descripcion": "", "edad": 22, "genero": "Masculino", "intereses": "", "nivel_experiencia": "Principiante", "metas": "", "avatar": ""}}, {"model": "skylimit.perfilusuario", "pk": 39, "fields": {"user": 39, "nombre": "", "apellidos": "", "descripcion": "", "edad": null, "genero": "", "intereses": "", "nivel_experiencia": "", "metas": "", "avatar": ""}}, {"model": "skylimit.perfilusuario", "pk": 40, "fields": {"user": 40, "nombre": "", "apellidos": "", "descripcion": "", "edad": null, "genero": "", "intereses": "", "nivel_experiencia": "", "metas": "", "avatar": ""}}, {"model": "skylimit.solicitudentrenador", "pk": 8, "fields": {"username": "juan12", "email": "juang@gmail.com", "password": "1234", "nombre": "Juan", "apellidos": "Gonz", "genero": "Masculino", "nivel_experiencia": "Principiante", "especialidades": "hh", "experiencia": "hh", "formacion": "hh", "fecha_solicitud": "2025-06-18T16:32:37.134Z"}}, {"model": "skylimit.entrenador", "pk": 3, "fields": {"user": 19, "nombre": "Patricia", "apellidos": "Alvarez", "genero": "Femenino", "nivel_experiencia": "Principiante", "especialidades": "Surf,snow", "experiencia": "2 a帽os en colorado y 2 en hawaii", "formacion": "Curse cafyd en deusto y trabaje dos a帽os de voluntariado en hawaii", "aprobado_por_admin": true, "plazas_abiertas": 4, "es_entrenador": true, "avatar": "avatars/aprender-surf-guia-definitiva_ietFUMV.jpg"}}, {"model": "skylimit.entrenador", "pk": 5, "fields": {"user": 21, "nombre": "Monica", "apellidos": "Gonzalo", "genero": "Femenino", "nivel_experiencia": "Avanzado", "especialidades": "Alimentaci贸n y recuperaci贸n de lesiones", "experiencia": "Fui fisio durante 2 a帽os del Racing de santander", "formacion": "Fisioterapia", "aprobado_por_admin": true, "plazas_abiertas": 4, "es_entrenador": true, "avatar": "avatars/nadar_9LmodwJ.jpeg"}}, {"model": "skylimit.entrenador", "pk": 6, "fields": {"user": 22, "nombre": "Juan", "apellidos": "Perez", "genero": "Masculino", "nivel_experiencia": "Intermedio", "especialidades": "surf", "experiencia": "dos a帽os en portugal", "formacion": "CAFYD", "aprobado_por_admin": true, "plazas_abiertas": 6, "es_entrenador": true, "avatar": "avatars/correr.jpg"}}, {"model": "skylimit.entrenador", "pk": 7, "fields": {"user": 23, "nombre": "helena", "apellidos": "rosales", "genero": "Femenino", "nivel_experiencia": "Principiante", "especialidades": "fitness", "experiencia": "He trabajado en el ibex de castro durante 2 a帽os", "formacion": "cafyd", "aprobado_por_admin": true, "plazas_abiertas": 4, "es_entrenador": true, "avatar": ""}}, {"model": "skylimit.entrenador", "pk": 11, "fields": {"user": 29, "nombre": "Josefi", "apellidos": "fernandez", "genero": "Femenino", "nivel_experiencia": "Avanzado", "especialidades": "boxeo", "experiencia": "nula", "formacion": "cafyd,titulo de boxeo", "aprobado_por_admin": true, "plazas_abiertas": 5, "es_entrenador": true, "avatar": ""}}, {"model": "skylimit.entrenador", "pk": 12, "fields": {"user": 30, "nombre": "iker", "apellidos": "gonzalo", "genero": "Masculino", "nivel_experiencia": "Principiante", "especialidades": "snow", "experiencia": "profesor en formigal 2 a帽os", "formacion": "curso de snow y grado deportes", "aprobado_por_admin": true, "plazas_abiertas": 2, "es_entrenador": true, "avatar": "avatars/Football.jpg"}}, {"model": "skylimit.entrenador", "pk": 13, "fields": {"user": 37, "nombre": "marcio", "apellidos": "matias", "genero": "Masculino", "nivel_experiencia": "Principiante", "especialidades": "vv", "experiencia": "vv", "formacion": "vv", "aprobado_por_admin": true, "plazas_abiertas": 5, "es_entrenador": true, "avatar": ""}}, {"model": "skylimit.entrenador", "pk": 14, "fields": {"user": 39, "nombre": "David", "apellidos": "hh", "genero": "Masculino", "nivel_experiencia": "Principiante", "especialidades": "hh", "experiencia": "hh", "formacion": "hh", "aprobado_por_admin": true, "plazas_abiertas": 5, "es_entrenador": true, "avatar": ""}}, {"model": "skylimit.entrenador", "pk": 15, "fields": {"user": 40, "nombre": "Pepe", "apellidos": "Gon", "genero": "Masculino", "nivel_experiencia": "Principiante", "especialidades": "dd", "experiencia": "dd", "formacion": "dd", "aprobado_por_admin": true, "plazas_abiertas": 5, "es_entrenador": true, "avatar": ""}}, {"model": "skylimit.entrenamiento", "pk": 3, "fields": {"usuario": 36, "entrenador": 12, "fecha_inicio": "2025-01-25T19:18:42.890Z"}}, {"model": "skylimit.entrenamiento", "pk": 4, "fields": {"usuario": 28, "entrenador": 3, "fecha_inicio": "2025-01-26T10:05:44.931Z"}}, {"model": "skylimit.entrenamiento", "pk": 8, "fields": {"usuario": 1, "entrenador": 7, "fecha_inicio": "2025-04-11T18:37:59.872Z"}}, {"model": "skylimit.entrenamiento", "pk": 9, "fields": {"usuario": 35, "entrenador": 5, "fecha_inicio": "2025-04-11T18:39:11.895Z"}}, {"model": "skylimit.solicitudentrenamiento", "pk": 9, "fields": {"usuario": 1, "entrenador": 5, "mensaje": "Hola monica, tienes plazas?", "fecha_envio": "2025-01-25T18:53:45.006Z", "respuesta_recibida": false}}, {"model": "skylimit.solicitudentrenamiento", "pk": 17, "fields": {"usuario": 1, "entrenador": 12, "mensaje": "hola", "fecha_envio": "2025-02-12T14:32:51.743Z", "respuesta_recibida": false}}, {"model": "skylimit.solicitudentrenamiento", "pk": 18, "fields": {"usuario": 1, "entrenador": 11, "mensaje": "gg", "fecha_envio": "2025-04-11T18:36:59.924Z", "respuesta_recibida": false}}, {"model": "skylimit.solicitudentrenamiento", "pk": 21, "fields": {"usuario": 1, "entrenador": 6, "mensaje": "hvuyy", "fecha_envio": "2025-04-15T12:10:27.668Z", "respuesta_recibida": false}}, {"model": "skylimit.grupo", "pk": 1, "fields": {"nombre": "Surf", "descripcion": "Bienvenido al grupo del mundo del surf, disfrutemos!", "creador": 1, "creado_en": "2024-12-29T18:46:05.948Z", "imagen": "grupos/cantabria-empty-wave-1024x660.jpg", "miembros": [21, 1, 22]}}, {"model": "skylimit.grupo", "pk": 2, "fields": {"nombre": "Snow", "descripcion": "Bienvenidos al mundillo del snowboard!!", "creador": 1, "creado_en": "2024-12-29T18:52:08.679Z", "imagen": "grupos/snowboarding-1882881_1280.jpg", "miembros": [21, 1, 22]}}, {"model": "skylimit.grupo", "pk": 3, "fields": {"nombre": "Boxeo", "descripcion": "Hola,alguno quiere ser mi compa帽ero de sparring?", "creador": 1, "creado_en": "2024-12-29T19:17:16.156Z", "imagen": "grupos/Tipos-de-boxeo.jpg", "miembros": [21, 1]}}, {"model": "skylimit.grupo", "pk": 4, "fields": {"nombre": "Escalada", "descripcion": "Busco gente que quiera ir de ruta", "creador": 1, "creado_en": "2024-12-29T19:17:40.558Z", "imagen": "grupos/climbing-gd6746a80c_1920.jpg", "miembros": [23, 1, 22]}}, {"model": "skylimit.grupo", "pk": 11, "fields": {"nombre": "Futbol", "descripcion": "Partidillo?", "creador": 21, "creado_en": "2024-12-30T18:04:52.942Z", "imagen": "imgs/default-group.png", "miembros": [1, 22]}}, {"model": "skylimit.mensajegrupo", "pk": 1, "fields": {"grupo": 1, "usuario": 1, "contenido": "Hola", "fecha_creacion": "2024-12-30T17:47:40.049Z", "editado": false, "leido": false}}, {"model": "skylimit.mensajegrupo", "pk": 2, "fields": {"grupo": 3, "usuario": 1, "contenido": "Hola", "fecha_creacion": "2024-12-30T17:50:15.179Z", "editado": false, "leido": false}}, {"model": "skylimit.mensajegrupo", "pk": 3, "fields": {"grupo": 1, "usuario": 21, "contenido": "hola", "fecha_creacion": "2024-12-30T17:52:29.382Z", "editado": false, "leido": false}}, {"model": "skylimit.mensajegrupo", "pk": 4, "fields": {"grupo": 1, "usuario": 21, "contenido": "que tal", "fecha_creacion": "2024-12-30T17:55:08.576Z", "editado": false, "leido": false}}, {"model": "skylimit.mensajegrupo", "pk": 5, "fields": {"grupo": 1, "usuario": 1, "contenido": "te gustaria mejorar tu surf?", "fecha_creacion": "2024-12-30T17:59:17.008Z", "editado": false, "leido": false}}, {"model": "skylimit.mensajegrupo", "pk": 6, "fields": {"grupo": 1, "usuario": 21, "contenido": "siii\r\n", "fecha_creacion": "2024-12-30T18:03:39.055Z", "editado": false, "leido": false}}, {"model": "skylimit.mensajegrupo", "pk": 7, "fields": {"grupo": 1, "usuario": 21, "contenido": "estaria bien", "fecha_creacion": "2024-12-30T18:03:43.818Z", "editado": false, "leido": false}}, {"model": "skylimit.mensajegrupo", "pk": 8, "fields": {"grupo": 2, "usuario": 1, "contenido": "holaa, alguno se anima a un viaje a formi?", "fecha_creacion": "2025-01-02T17:07:11.374Z", "editado": true, "leido": false}}, {"model": "skylimit.mensajegrupo", "pk": 9, "fields": {"grupo": 1, "usuario": 1, "contenido": "okey perfecto, un saludo", "fecha_creacion": "2025-01-03T10:21:26.183Z", "editado": true, "leido": false}}, {"model": "skylimit.mensajegrupo", "pk": 11, "fields": {"grupo": 11, "usuario": 1, "contenido": "Hola, hacemos un triangular?", "fecha_creacion": "2025-01-03T10:53:58.289Z", "editado": false, "leido": false}}, {"model": "skylimit.mensajegrupo", "pk": 17, "fields": {"grupo": 11, "usuario": 22, "contenido": "siii", "fecha_creacion": "2025-01-04T18:01:58.250Z", "editado": false, "leido": false}}, {"model": "skylimit.mensajegrupo", "pk": 18, "fields": {"grupo": 11, "usuario": 1, "contenido": "ok", "fecha_creacion": "2025-01-04T18:10:10.295Z", "editado": false, "leido": false}}, {"model": "skylimit.mensajegrupo", "pk": 19, "fields": {"grupo": 1, "usuario": 22, "contenido": "amii tambienn", "fecha_creacion": "2025-01-04T18:33:08.923Z", "editado": false, "leido": false}}, {"model": "skylimit.mensajegrupo", "pk": 20, "fields": {"grupo": 3, "usuario": 1, "contenido": "hola a todos", "fecha_creacion": "2025-01-04T18:42:18.052Z", "editado": false, "leido": false}}, {"model": "skylimit.mensajegrupo", "pk": 21, "fields": {"grupo": 11, "usuario": 1, "contenido": "hola juan", "fecha_creacion": "2025-01-04T18:42:46.171Z", "editado": false, "leido": false}}, {"model": "skylimit.mensajegrupo", "pk": 22, "fields": {"grupo": 11, "usuario": 22, "contenido": "holaa", "fecha_creacion": "2025-01-04T18:55:52.817Z", "editado": false, "leido": false}}, {"model": "skylimit.mensajegrupo", "pk": 23, "fields": {"grupo": 2, "usuario": 22, "contenido": "yoo", "fecha_creacion": "2025-01-05T11:28:04.189Z", "editado": false, "leido": false}}, {"model": "skylimit.mensajegrupo", "pk": 24, "fields": {"grupo": 2, "usuario": 22, "contenido": "cuando vas", "fecha_creacion": "2025-01-05T11:28:08.102Z", "editado": false, "leido": false}}, {"model": "skylimit.mensajegrupo", "pk": 25, "fields": {"grupo": 4, "usuario": 22, "contenido": "hii", "fecha_creacion": "2025-01-06T11:43:49.867Z", "editado": false, "leido": false}}, {"model": "skylimit.mensajegrupo", "pk": 28, "fields": {"grupo": 1, "usuario": 1, "contenido": "hola, que tal todo?\r\n", "fecha_creacion": "2025-02-03T17:17:43.370Z", "editado": false, "leido": false}}, {"model": "skylimit.mensajegrupo", "pk": 29, "fields": {"grupo": 1, "usuario": 1, "contenido": "todo bien?", "fecha_creacion": "2025-02-03T17:17:52.269Z", "editado": false, "leido": false}}, {"model": "skylimit.mensajegrupo", "pk": 30, "fields": {"grupo": 1, "usuario": 1, "contenido": "Tenemos que quedar y ver el progreso", "fecha_creacion": "2025-02-03T17:18:13.755Z", "editado": false, "leido": false}}, {"model": "skylimit.mensajegrupo", "pk": 31, "fields": {"grupo": 1, "usuario": 1, "contenido": "quien se apunta?", "fecha_creacion": "2025-02-03T17:18:21.309Z", "editado": false, "leido": false}}, {"model": "skylimit.mensajegrupo", "pk": 32, "fields": {"grupo": 1, "usuario": 1, "contenido": "??", "fecha_creacion": "2025-02-03T17:18:40.302Z", "editado": false, "leido": false}}, {"model": "skylimit.mensajegrupo", "pk": 35, "fields": {"grupo": 4, "usuario": 1, "contenido": "hola Juan\r\n", "fecha_creacion": "2025-06-01T15:03:20.823Z", "editado": false, "leido": false}}, {"model": "skylimit.mensajegrupo", "pk": 36, "fields": {"grupo": 2, "usuario": 1, "contenido": "ma帽ana te viene bien?", "fecha_creacion": "2025-06-01T15:03:39.668Z", "editado": false, "leido": false}}, {"model": "skylimit.mensajegrupo", "pk": 38, "fields": {"grupo": 4, "usuario": 23, "contenido": "hola me apuntoo!!", "fecha_creacion": "2025-06-19T09:44:24.424Z", "editado": false, "leido": false}}, {"model": "skylimit.grupovisitado", "pk": 1, "fields": {"usuario": 1, "grupo": 11, "ultima_visita": "2025-06-16T15:23:16.456Z"}}, {"model": "skylimit.grupovisitado", "pk": 2, "fields": {"usuario": 22, "grupo": 11, "ultima_visita": "2025-01-11T18:10:19.126Z"}}, {"model": "skylimit.grupovisitado", "pk": 3, "fields": {"usuario": 1, "grupo": 1, "ultima_visita": "2025-04-11T18:43:45.339Z"}}, {"model": "skylimit.grupovisitado", "pk": 4, "fields": {"usuario": 22, "grupo": 2, "ultima_visita": "2025-01-05T11:28:08.349Z"}}, {"model": "skylimit.grupovisitado", "pk": 5, "fields": {"usuario": 22, "grupo": 1, "ultima_visita": "2025-01-11T17:47:48.456Z"}}, {"model": "skylimit.grupovisitado", "pk": 6, "fields": {"usuario": 22, "grupo": 3, "ultima_visita": "2025-01-04T18:42:59.123Z"}}, {"model": "skylimit.grupovisitado", "pk": 7, "fields": {"usuario": 1, "grupo": 3, "ultima_visita": "2025-02-03T17:34:55.985Z"}}, {"model": "skylimit.grupovisitado", "pk": 8, "fields": {"usuario": 1, "grupo": 2, "ultima_visita": "2025-06-01T15:03:39.869Z"}}, {"model": "skylimit.grupovisitado", "pk": 9, "fields": {"usuario": 1, "grupo": 4, "ultima_visita": "2025-06-19T09:47:04.327Z"}}, {"model": "skylimit.grupovisitado", "pk": 11, "fields": {"usuario": 22, "grupo": 4, "ultima_visita": "2025-01-11T18:20:05.557Z"}}, {"model": "skylimit.grupovisitado", "pk": 16, "fields": {"usuario": 19, "grupo": 1, "ultima_visita": "2025-01-11T17:57:07.365Z"}}, {"model": "skylimit.grupovisitado", "pk": 17, "fields": {"usuario": 19, "grupo": 4, "ultima_visita": "2025-01-11T17:56:57.914Z"}}, {"model": "skylimit.grupovisitado", "pk": 18, "fields": {"usuario": 19, "grupo": 11, "ultima_visita": "2025-01-11T17:57:03.618Z"}}, {"model": "skylimit.grupovisitado", "pk": 19, "fields": {"usuario": 19, "grupo": 3, "ultima_visita": "2025-01-11T17:57:10.139Z"}}, {"model": "skylimit.grupovisitado", "pk": 21, "fields": {"usuario": 30, "grupo": 4, "ultima_visita": "2025-01-25T19:57:31.424Z"}}, {"model": "skylimit.grupovisitado", "pk": 25, "fields": {"usuario": 21, "grupo": 3, "ultima_visita": "2025-06-16T15:38:20.618Z"}}, {"model": "skylimit.grupovisitado", "pk": 26, "fields": {"usuario": 23, "grupo": 4, "ultima_visita": "2025-06-19T09:44:24.636Z"}}, {"model": "skylimit.actividad", "pk": 9, "fields": {"nombre": "Surf en Cantabria", "descripcion": "Haremos una sesi贸n de surf con video correcci贸n incluida y sorteo de material!", "fecha_hora": "2025-01-18T11:00:00Z", "duracion_valor": 4, "duracion_unidad": "hours", "ubicacion": "Cantabria", "limite_participantes": 4, "creado_por": 1, "imagen": "actividades/cantabria-empty-wave-1024x660.jpg", "participantes": [19, 1, 22]}}, {"model": "skylimit.actividad", "pk": 10, "fields": {"nombre": "Snow en campo", "descripcion": "Voy a ir a alto campo ma帽ana por si alguien se viene!", "fecha_hora": "2025-01-24T11:00:00Z", "duracion_valor": 8, "duracion_unidad": "hours", "ubicacion": "Cantabria", "limite_participantes": 5, "creado_por": 21, "imagen": "actividades/alto_campo_2qTj6Jp.png", "participantes": [21, 1, 22]}}, {"model": "skylimit.actividad", "pk": 14, "fields": {"nombre": "Boxeo", "descripcion": "Hola vamos a hacer una velada de boxeo, esperamos veros ahi!!!", "fecha_hora": "2025-02-09T10:00:00Z", "duracion_valor": 5, "duracion_unidad": "hours", "ubicacion": "Samano", "limite_participantes": 10, "creado_por": 1, "imagen": "imgs/default_actividad.jpg", "participantes": [1]}}, {"model": "skylimit.actividad", "pk": 17, "fields": {"nombre": "Surf", "descripcion": "Apuntaros", "fecha_hora": "2025-03-18T11:00:00Z", "duracion_valor": 4, "duracion_unidad": "hours", "ubicacion": "Hossegor", "limite_participantes": 5, "creado_por": 28, "imagen": "imgs/default_actividad.jpg", "participantes": [28]}}, {"model": "skylimit.actividad", "pk": 20, "fields": {"nombre": "Surf", "descripcion": "Un trip a francia?", "fecha_hora": "2025-05-04T10:00:00Z", "duracion_valor": 7, "duracion_unidad": "hours", "ubicacion": "Hossegor", "limite_participantes": 5, "creado_por": 1, "imagen": "imgs/default_actividad.jpg", "participantes": [1]}}, {"model": "skylimit.actividad", "pk": 21, "fields": {"nombre": "Surf hossegor", "descripcion": "Vamos a hacer un trip a hossegor, quien se apunta?", "fecha_hora": "2025-06-30T10:00:00Z", "duracion_valor": 6, "duracion_unidad": "hours", "ubicacion": "Hossegor", "limite_participantes": 6, "creado_por": 1, "imagen": "actividades/wave-calm.png", "participantes": [30, 1]}}, {"model": "skylimit.actividad", "pk": 22, "fields": {"nombre": "Ruta andando", "descripcion": "Vamos a subir a cerredo y hacer un picnic", "fecha_hora": "2025-06-30T11:00:00Z", "duracion_valor": 7, "duracion_unidad": "hours", "ubicacion": "Cerredo", "limite_participantes": 3, "creado_por": 1, "imagen": "actividades/climbing-gd6746a80c_1920.jpg", "participantes": [1]}}, {"model": "skylimit.actividad", "pk": 23, "fields": {"nombre": "Correr 10 km", "descripcion": "Hemos hecho una quedada para correr 10 km en un dia y luego tomar algo", "fecha_hora": "2025-06-24T10:00:00Z", "duracion_valor": 3, "duracion_unidad": "hours", "ubicacion": "Samano", "limite_participantes": 5, "creado_por": 1, "imagen": "imgs/default_actividad.jpg", "participantes": [1, 30, 21]}}, {"model": "skylimit.chatactividad", "pk": 9, "fields": {"actividad": 9}}, {"model": "skylimit.chatactividad", "pk": 10, "fields": {"actividad": 10}}, {"model": "skylimit.chatactividad", "pk": 14, "fields": {"actividad": 14}}, {"model": "skylimit.chatactividad", "pk": 17, "fields": {"actividad": 17}}, {"model": "skylimit.chatactividad", "pk": 20, "fields": {"actividad": 20}}, {"model": "skylimit.chatactividad", "pk": 21, "fields": {"actividad": 21}}, {"model": "skylimit.chatactividad", "pk": 22, "fields": {"actividad": 22}}, {"model": "skylimit.chatactividad", "pk": 23, "fields": {"actividad": 23}}, {"model": "skylimit.mensajeactividad", "pk": 4, "fields": {"chat": 9, "usuario": 1, "contenido": "Hola, quien quiere apuntarse??", "fecha_envio": "2025-01-03T13:20:53.099Z", "editado": true, "leido": false}}, {"model": "skylimit.mensajeactividad", "pk": 5, "fields": {"chat": 10, "usuario": 1, "contenido": "Hola,cual es el plan??", "fecha_envio": "2025-01-03T17:19:54.804Z", "editado": true, "leido": false}}, {"model": "skylimit.mensajeactividad", "pk": 12, "fields": {"chat": 9, "usuario": 22, "contenido": "yoo\r\n", "fecha_envio": "2025-01-04T13:41:39.919Z", "editado": false, "leido": false}}, {"model": "skylimit.mensajeactividad", "pk": 14, "fields": {"chat": 9, "usuario": 22, "contenido": "Mana帽a hay ba帽o?", "fecha_envio": "2025-01-11T17:50:27.974Z", "editado": false, "leido": false}}, {"model": "skylimit.mensajeactividad", "pk": 15, "fields": {"chat": 9, "usuario": 22, "contenido": "Me han dicho unos amigos que puede haber olas cuando se quite el viento ", "fecha_envio": "2025-01-11T17:50:46.358Z", "editado": false, "leido": false}}, {"model": "skylimit.mensajeactividad", "pk": 16, "fields": {"chat": 9, "usuario": 22, "contenido": "sera sobre la 1 o las 2", "fecha_envio": "2025-01-11T17:50:53.574Z", "editado": true, "leido": false}}, {"model": "skylimit.mensajeactividad", "pk": 18, "fields": {"chat": 9, "usuario": 19, "contenido": "buena idea", "fecha_envio": "2025-01-11T17:51:43.648Z", "editado": false, "leido": false}}, {"model": "skylimit.mensajeactividad", "pk": 19, "fields": {"chat": 9, "usuario": 19, "contenido": "me parece muy buena idea ir practicando antes de la quedada", "fecha_envio": "2025-01-11T17:51:57.199Z", "editado": false, "leido": false}}, {"model": "skylimit.mensajeactividad", "pk": 20, "fields": {"chat": 9, "usuario": 19, "contenido": "yo voy", "fecha_envio": "2025-01-11T17:52:02.863Z", "editado": false, "leido": false}}, {"model": "skylimit.mensajeactividad", "pk": 22, "fields": {"chat": 21, "usuario": 1, "contenido": "Hola, iros apuntando y vamos organizando el trip\r\n", "fecha_envio": "2025-06-16T15:28:08.643Z", "editado": false, "leido": false}}, {"model": "skylimit.mensajeactividad", "pk": 23, "fields": {"chat": 22, "usuario": 1, "contenido": "Alguien se apunta?", "fecha_envio": "2025-06-16T15:29:36.581Z", "editado": false, "leido": false}}, {"model": "skylimit.mensajeactividad", "pk": 24, "fields": {"chat": 23, "usuario": 30, "contenido": "Hola, me apunto", "fecha_envio": "2025-06-16T15:31:40.584Z", "editado": false, "leido": false}}, {"model": "skylimit.mensajeactividad", "pk": 25, "fields": {"chat": 21, "usuario": 30, "contenido": "me apunto!!", "fecha_envio": "2025-06-16T15:31:54.833Z", "editado": false, "leido": false}}, {"model": "skylimit.mensajeactividad", "pk": 26, "fields": {"chat": 23, "usuario": 21, "contenido": "yo tambienn, planazoo!!!", "fecha_envio": "2025-06-16T15:38:39.828Z", "editado": false, "leido": false}}, {"model": "skylimit.mensajeprivado", "pk": 24, "fields": {"remitente": 19, "destinatario": 28, "contenido": "Hola oscar, bienvenido, cuentame que quieres mejorar", "fecha_envio": "2025-01-26T10:06:12.969Z", "leido": false, "editado": false}}, {"model": "skylimit.mensajeprivado", "pk": 25, "fields": {"remitente": 30, "destinatario": 28, "contenido": "bgfhfgjfg", "fecha_envio": "2025-02-12T14:33:54.715Z", "leido": false, "editado": false}}, {"model": "skylimit.mensajeprivado", "pk": 27, "fields": {"remitente": 1, "destinatario": 23, "contenido": "Hola, que tal todo?", "fecha_envio": "2025-04-30T11:04:52.654Z", "leido": true, "editado": false}}, {"model": "skylimit.mensajeprivado", "pk": 28, "fields": {"remitente": 1, "destinatario": 36, "contenido": "hola, que tal?", "fecha_envio": "2025-04-30T11:05:04.823Z", "leido": false, "editado": false}}, {"model": "skylimit.mensajeprivado", "pk": 29, "fields": {"remitente": 1, "destinatario": 39, "contenido": "Hola david, que tal todo?", "fecha_envio": "2025-06-18T16:28:04.378Z", "leido": false, "editado": false}}, {"model": "skylimit.mensajeprivado", "pk": 30, "fields": {"remitente": 1, "destinatario": 39, "contenido": "hola", "fecha_envio": "2025-06-18T16:33:40.597Z", "leido": false, "editado": false}}, {"model": "skylimit.mensajeprivado", "pk": 31, "fields": {"remitente": 23, "destinatario": 1, "contenido": "hola aitor\r\n", "fecha_envio": "2025-06-19T09:44:36.528Z", "leido": true, "editado": false}}, {"model": "skylimit.mensajeprivado", "pk": 32, "fields": {"remitente": 23, "destinatario": 1, "contenido": "todo bien, gracias", "fecha_envio": "2025-06-19T09:44:44.066Z", "leido": true, "editado": false}}, {"model": "skylimit.mensajeprivado", "pk": 34, "fields": {"remitente": 23, "destinatario": 1, "contenido": "tu que tal", "fecha_envio": "2025-06-19T09:44:54.156Z", "leido": true, "editado": false}}, {"model": "skylimit.mensajeprivado", "pk": 35, "fields": {"remitente": 23, "destinatario": 1, "contenido": "??", "fecha_envio": "2025-06-19T09:44:57.998Z", "leido": true, "editado": false}}, {"model": "skylimit.mensajeprivado", "pk": 37, "fields": {"remitente": 23, "destinatario": 1, "contenido": "tengo una duda respecto a la app y su funcionamiento", "fecha_envio": "2025-06-19T09:45:15.089Z", "leido": true, "editado": false}}, {"model": "skylimit.mensajeprivado", "pk": 38, "fields": {"remitente": 23, "destinatario": 1, "contenido": "me lo explicas?", "fecha_envio": "2025-06-19T09:45:22.629Z", "leido": true, "editado": false}}, {"model": "skylimit.publicacion", "pk": 1, "fields": {"autor": 1, "contenido": "Hola,muchas gracias a todos! Estoy muy emocionado de haber conseguido correr ayer mis 10 primeros kil贸metros.\r\nEsto es un logro para mi, estoy muy feliz de formar parte de esta gran comunidad", "imagen": "publicaciones/10km.jpg", "video": "", "fecha_creacion": "2025-01-05T12:28:04.883Z", "destacado": false}}, {"model": "skylimit.publicacion", "pk": 2, "fields": {"autor": 1, "contenido": "Adjunto video corriendo!!", "imagen": "", "video": "publicaciones/videos/videoCorriendo.mp4", "fecha_creacion": "2025-01-05T12:31:19.066Z", "destacado": false}}, {"model": "skylimit.publicacion", "pk": 16, "fields": {"autor": 1, "contenido": "Ayer, jugando un rato a futbol con los amigos", "imagen": "publicaciones/Football.jpg", "video": "", "fecha_creacion": "2025-01-07T17:39:39.427Z", "destacado": false}}, {"model": "skylimit.publicacion", "pk": 17, "fields": {"autor": 19, "contenido": "Acordaros, paso a paso se construyo Roma, seguir adelante siempre!", "imagen": "publicaciones/motivacion.jpg", "video": "", "fecha_creacion": "2025-01-07T18:33:17.409Z", "destacado": true}}, {"model": "skylimit.publicacion", "pk": 18, "fields": {"autor": 19, "contenido": "Sigue adelante, todos los d铆as cuentan!", "imagen": "publicaciones/mot.jpg", "video": "", "fecha_creacion": "2025-01-07T18:40:28.032Z", "destacado": true}}, {"model": "skylimit.comentario", "pk": 1, "fields": {"publicacion": 2, "autor": 22, "contenido": "Como me alegro por ti aitor,sigue asi!!", "fecha_creacion": "2025-01-05T12:32:08.734Z"}}, {"model": "skylimit.comentario", "pk": 2, "fields": {"publicacion": 1, "autor": 22, "contenido": "que biennn", "fecha_creacion": "2025-01-05T12:35:52.703Z"}}, {"model": "skylimit.comentario", "pk": 3, "fields": {"publicacion": 2, "autor": 22, "contenido": "que biennn", "fecha_creacion": "2025-01-05T12:43:22.667Z"}}, {"model": "skylimit.comentario", "pk": 5, "fields": {"publicacion": 2, "autor": 19, "contenido": "Sigue asii!!", "fecha_creacion": "2025-01-05T17:18:27.138Z"}}, {"model": "skylimit.comentario", "pk": 6, "fields": {"publicacion": 1, "autor": 19, "contenido": "enhorabuenaa", "fecha_creacion": "2025-01-05T17:18:56.105Z"}}, {"model": "skylimit.comentario", "pk": 7, "fields": {"publicacion": 2, "autor": 19, "contenido": "campeon", "fecha_creacion": "2025-01-05T17:24:47.871Z"}}, {"model": "skylimit.comentario", "pk": 8, "fields": {"publicacion": 1, "autor": 19, "contenido": "!!", "fecha_creacion": "2025-01-05T17:28:10.489Z"}}, {"model": "skylimit.comentario", "pk": 9, "fields": {"publicacion": 2, "autor": 21, "contenido": "buenn ritmoo, sigue asi", "fecha_creacion": "2025-01-05T17:28:53.163Z"}}, {"model": "skylimit.comentario", "pk": 10, "fields": {"publicacion": 1, "autor": 21, "contenido": "siii", "fecha_creacion": "2025-01-05T17:30:59.730Z"}}, {"model": "skylimit.comentario", "pk": 11, "fields": {"publicacion": 1, "autor": 21, "contenido": "que bien", "fecha_creacion": "2025-01-05T17:33:30.989Z"}}, {"model": "skylimit.comentario", "pk": 12, "fields": {"publicacion": 1, "autor": 21, "contenido": "!", "fecha_creacion": "2025-01-05T17:37:31.744Z"}}, {"model": "skylimit.comentario", "pk": 45, "fields": {"publicacion": 2, "autor": 1, "contenido": "graciass a todos", "fecha_creacion": "2025-01-06T11:20:00.459Z"}}, {"model": "skylimit.comentario", "pk": 47, "fields": {"publicacion": 17, "autor": 1, "contenido": "Vamos", "fecha_creacion": "2025-01-20T18:06:00.677Z"}}, {"model": "skylimit.comentario", "pk": 51, "fields": {"publicacion": 17, "autor": 1, "contenido": "Enhorabuena", "fecha_creacion": "2025-06-14T15:52:56.049Z"}}, {"model": "skylimit.comentario", "pk": 53, "fields": {"publicacion": 18, "autor": 1, "contenido": "hh", "fecha_creacion": "2025-06-18T16:33:27.178Z"}}, {"model": "skylimit.like", "pk": 5, "fields": {"publicacion": 1, "usuario": 1, "fecha": "2025-01-05T12:51:27.279Z"}}, {"model": "skylimit.like", "pk": 7, "fields": {"publicacion": 1, "usuario": 19, "fecha": "2025-01-05T17:18:34.625Z"}}, {"model": "skylimit.like", "pk": 9, "fields": {"publicacion": 2, "usuario": 19, "fecha": "2025-01-05T17:27:56.482Z"}}, {"model": "skylimit.like", "pk": 10, "fields": {"publicacion": 2, "usuario": 21, "fecha": "2025-01-05T17:28:42.774Z"}}, {"model": "skylimit.like", "pk": 11, "fields": {"publicacion": 1, "usuario": 21, "fecha": "2025-01-05T17:31:08.444Z"}}, {"model": "skylimit.like", "pk": 28, "fields": {"publicacion": 2, "usuario": 1, "fecha": "2025-01-06T11:29:17.988Z"}}, {"model": "skylimit.like", "pk": 29, "fields": {"publicacion": 16, "usuario": 1, "fecha": "2025-01-07T17:39:42.650Z"}}, {"model": "skylimit.like", "pk": 30, "fields": {"publicacion": 17, "usuario": 19, "fecha": "2025-01-07T18:34:08.502Z"}}, {"model": "skylimit.like", "pk": 31, "fields": {"publicacion": 18, "usuario": 19, "fecha": "2025-01-07T18:44:52.062Z"}}, {"model": "skylimit.like", "pk": 33, "fields": {"publicacion": 17, "usuario": 1, "fecha": "2025-01-07T18:52:21.158Z"}}, {"model": "skylimit.like", "pk": 36, "fields": {"publicacion": 17, "usuario": 22, "fecha": "2025-01-11T17:34:44.741Z"}}, {"model": "skylimit.like", "pk": 37, "fields": {"publicacion": 18, "usuario": 22, "fecha": "2025-01-11T18:44:11.609Z"}}, {"model": "skylimit.like", "pk": 45, "fields": {"publicacion": 18, "usuario": 1, "fecha": "2025-06-19T09:46:52.135Z"}}, {"model": "skylimit.reto", "pk": 1, "fields": {"nombre": "Andar 50 mil pasos", "descripcion": "Vamos a acabar bien la semana, a ver quien anda antes 50 mil pasos!!!", "objetivo": 50000, "unidad_objetivo": "pasos", "fecha_inicio": "2025-06-16T15:24:58Z", "fecha_fin": "2025-08-22T16:40:54Z", "imagen": "retos/andar.jpg", "creador": 22}}, {"model": "skylimit.reto", "pk": 2, "fields": {"nombre": "Correr 50 km", "descripcion": "Teneis el finde para correr 50 km, a ver quien gana, animo!", "objetivo": 50, "unidad_objetivo": "km", "fecha_inicio": "2025-08-15T10:00:00Z", "fecha_fin": "2025-09-12T22:00:00Z", "imagen": "retos/default-reto.png", "creador": 28}}, {"model": "skylimit.reto", "pk": 3, "fields": {"nombre": "Hacer 20 burpees", "descripcion": "Animoo!!", "objetivo": 20, "unidad_objetivo": "rep", "fecha_inicio": "2025-01-10T17:00:00Z", "fecha_fin": "2025-01-19T19:00:00Z", "imagen": "retos/default-reto.png", "creador": 19}}, {"model": "skylimit.reto", "pk": 5, "fields": {"nombre": "Nadar 10 km", "descripcion": "animoo", "objetivo": 10, "unidad_objetivo": "km", "fecha_inicio": "2025-01-09T17:00:00Z", "fecha_fin": "2025-01-10T18:52:00Z", "imagen": "retos/default-reto.png", "creador": 22}}, {"model": "skylimit.reto", "pk": 8, "fields": {"nombre": "Andar 100 mil pasos", "descripcion": "Vamoss, animo! el ganador entra en un sorteo de unas zapatillas de deporte", "objetivo": 100000, "unidad_objetivo": "pasos", "fecha_inicio": "2025-01-21T19:00:00Z", "fecha_fin": "2025-06-20T18:00:00Z", "imagen": "retos/default-reto.png", "creador": 1}}, {"model": "skylimit.participacionreto", "pk": 3, "fields": {"usuario": 1, "reto": 1, "progreso_acumulado": 52000, "unidad": "pasos", "fecha_ultima_actualizacion": "2025-01-20T17:51:28.642Z"}}, {"model": "skylimit.participacionreto", "pk": 4, "fields": {"usuario": 22, "reto": 1, "progreso_acumulado": 20000, "unidad": "pasos", "fecha_ultima_actualizacion": "2025-01-10T18:38:06.691Z"}}, {"model": "skylimit.participacionreto", "pk": 5, "fields": {"usuario": 1, "reto": 2, "progreso_acumulado": 52, "unidad": "kil贸metros", "fecha_ultima_actualizacion": "2025-01-11T19:22:11.546Z"}}, {"model": "skylimit.participacionreto", "pk": 6, "fields": {"usuario": 21, "reto": 1, "progreso_acumulado": 15000, "unidad": "pasos", "fecha_ultima_actualizacion": "2025-01-11T10:31:25.269Z"}}, {"model": "skylimit.participacionreto", "pk": 7, "fields": {"usuario": 28, "reto": 1, "progreso_acumulado": 5000, "unidad": "pasos", "fecha_ultima_actualizacion": "2025-01-11T10:31:57.219Z"}}, {"model": "skylimit.participacionreto", "pk": 14, "fields": {"usuario": 1, "reto": 3, "progreso_acumulado": 23, "unidad": "repeticiones", "fecha_ultima_actualizacion": "2025-01-11T19:34:38.530Z"}}, {"model": "skylimit.participacionreto", "pk": 17, "fields": {"usuario": 1, "reto": 8, "progreso_acumulado": 22012, "unidad": "pasos", "fecha_ultima_actualizacion": "2025-06-18T16:28:46.332Z"}}, {"model": "skylimit.notificacion", "pk": 5, "fields": {"usuario": 1, "mensaje": "隆Felicidades! Has completado el reto 'Hacer 20 burpees'.", "fecha": "2025-01-11T19:34:17.259Z", "leido": false}}, {"model": "skylimit.notificacion", "pk": 9, "fields": {"usuario": 1, "mensaje": "隆Felicidades! Has completado el reto 'Andar 50 mil pasos'.", "fecha": "2025-01-20T17:51:06.991Z", "leido": false}}, {"model": "skylimit.metausuario", "pk": 25, "fields": {"usuario": 1, "nombre": "Bajar 10 kilos para verano", "descripcion": "He decidio que este sera el a帽o, empezare hoy con mi dieta de recorte, ire posteando mi progreso para ver el avance.", "objetivo": 10.0, "unidad": "kg", "fecha_inicio": "2025-01-25T11:28:00.027Z", "fecha_fin": "2026-07-24T22:00:00Z", "imagen": "metas/salud_smJ8vIh.jpeg"}}, {"model": "skylimit.metausuario", "pk": 27, "fields": {"usuario": 1, "nombre": "Correr 4 kilometros hoy", "descripcion": "Para bajar de peso me he propuesto empezar el d铆a corriendo 4 kilometros.", "objetivo": 4.0, "unidad": "km", "fecha_inicio": "2025-01-25T11:55:42Z", "fecha_fin": "2025-01-24T23:00:00Z", "imagen": "metas/correr_nspZG6D.jpg"}}, {"model": "skylimit.metausuario", "pk": 28, "fields": {"usuario": 1, "nombre": "Hacer 10 dominadas", "descripcion": "Quiero hacer 10 dominadas seguidas", "objetivo": 10.0, "unidad": "repeticiones", "fecha_inicio": "2025-01-25T12:48:07.912Z", "fecha_fin": "2025-01-26T13:26:00Z", "imagen": "metas/salud_7QDeeW7.jpeg"}}, {"model": "skylimit.progresometa", "pk": 16, "fields": {"meta": 25, "fecha": "2025-01-25T00:00:00Z", "cantidad": 1.0, "imagen": "progreso/espejo1_BRRf09z.jpg", "video": ""}}, {"model": "skylimit.progresometa", "pk": 18, "fields": {"meta": 27, "fecha": "2025-01-25T11:55:00Z", "cantidad": 8.0, "imagen": "progreso/metaandar_JvQt6j0.jpeg", "video": ""}}, {"model": "skylimit.progresometa", "pk": 19, "fields": {"meta": 25, "fecha": "2025-01-30T19:00:00Z", "cantidad": 1.0, "imagen": "progreso/dia2_CSg6IRh.jpg", "video": ""}}, {"model": "skylimit.entreno", "pk": 1, "fields": {"parte_cuerpo": "chest-left", "nombre": "bench press", "descripcion": "Ejercicio b谩sico para el desarrollo del pecho con barra en banco plano.", "imagen": "ejercicios/imagenes/pressM_h5BhGch.gif", "video": "", "descripcionEjer": "El press banca es un ejercicio de fuerza clave para trabajar el pecho (pectorales), tr铆ceps y deltoides anteriores. Se realiza acostado en un banco, empujando una barra con pesas desde el pecho hasta la extensi贸n completa de los brazos. Es fundamental mantener una buena t茅cnica: pies firmes en el suelo, espalda ligeramente arqueada y codos a 45掳 del cuerpo. Es un ejercicio b谩sico en el entrenamiento de fuerza y powerlifting."}}, {"model": "skylimit.entreno", "pk": 2, "fields": {"parte_cuerpo": "chest-left", "nombre": "dumbel press", "descripcion": "Variante del press de banca utilizando mancuernas para un mayor rango de movimiento.", "imagen": "ejercicios/imagenes/bancaM_Txl5Mtg.gif", "video": "", "descripcionEjer": "El press con mancuernas es una variante del press de banca que trabaja pectorales, tr铆ceps y deltoides anteriores, pero con mayor rango de movimiento y activaci贸n de m煤sculos estabilizadores. Se realiza acostado en un banco, sosteniendo una mancuerna en cada mano, descendiendo controladamente hasta la altura del pecho y luego empujando hacia arriba hasta la extensi贸n total de los brazos. Ayuda a corregir desequilibrios musculares y mejora la estabilidad del hombro."}}, {"model": "skylimit.entreno", "pk": 3, "fields": {"parte_cuerpo": "chest-left", "nombre": "incline press", "descripcion": "Ejercicio enfocado en la parte superior del pecho con banco inclinado.", "imagen": "ejercicios/imagenes/pressI.gif", "video": "", "descripcionEjer": "El press inclinado es una variante del press de banca que enfatiza la parte superior del pectoral (pectorales mayores, porci贸n clavicular), tr铆ceps y deltoides anteriores. Se realiza en un banco inclinado (30掳-45掳), empujando una barra o mancuernas desde el pecho hasta la extensi贸n total de los brazos. Es clave mantener un buen control del movimiento y evitar arquear demasiado la espalda. Este ejercicio es ideal para desarrollar un pecho m谩s equilibrado y definido."}}, {"model": "skylimit.entreno", "pk": 4, "fields": {"parte_cuerpo": "chest-left", "nombre": "deck peak", "descripcion": "Ejercicio para trabajar la parte interna del pecho con poleas.", "imagen": "ejercicios/imagenes/cruz1_XDufvFI.gif", "video": "", "descripcionEjer": "El cruce de poleas es un ejercicio de aislamiento para los pectorales, especialmente la porci贸n media y baja del pectoral mayor. Se realiza en una m谩quina de poleas ajustables, tirando de los agarres desde los costados hacia el centro del cuerpo en un movimiento de abrazo. Se puede ejecutar con diferentes alturas para enfatizar distintas 谩reas del pecho:\r\n\r\n    Polea alta: trabaja m谩s la parte baja del pectoral.\r\n    Polea media: enfatiza la parte central.\r\n    Polea baja: activa m谩s la parte superior."}}, {"model": "skylimit.entreno", "pk": 5, "fields": {"parte_cuerpo": "chest-right", "nombre": "bench press", "descripcion": "Ejercicio b谩sico para el desarrollo del pecho con barra en banco plano.", "imagen": "ejercicios/imagenes/pressbanca_9sbuSma.gif", "video": "", "descripcionEjer": "El press banca es un ejercicio de fuerza clave para trabajar el pecho (pectorales), tr铆ceps y deltoides anteriores. Se realiza acostado en un banco, empujando una barra con pesas desde el pecho hasta la extensi贸n completa de los brazos. Es fundamental mantener una buena t茅cnica: pies firmes en el suelo, espalda ligeramente arqueada y codos a 45掳 del cuerpo. Es un ejercicio b谩sico en el entrenamiento de fuerza y powerlifting."}}, {"model": "skylimit.entreno", "pk": 6, "fields": {"parte_cuerpo": "chest-right", "nombre": "dumbell press", "descripcion": "Variante del press de banca utilizando mancuernas para un mayor rango de movimiento.", "imagen": "ejercicios/imagenes/bancaM.gif", "video": "", "descripcionEjer": "El press con mancuernas es una variante del press de banca que trabaja pectorales, tr铆ceps y deltoides anteriores, pero con mayor rango de movimiento y activaci贸n de m煤sculos estabilizadores. Se realiza acostado en un banco, sosteniendo una mancuerna en cada mano, descendiendo controladamente hasta la altura del pecho y luego empujando hacia arriba hasta la extensi贸n total de los brazos. Ayuda a corregir desequilibrios musculares y mejora la estabilidad del hombro."}}, {"model": "skylimit.entreno", "pk": 7, "fields": {"parte_cuerpo": "chest-right", "nombre": "incline bench", "descripcion": "Ejercicio enfocado en la parte superior del pecho con banco inclinado.", "imagen": "ejercicios/imagenes/pressI_yR4CUkE.gif", "video": "", "descripcionEjer": "El press inclinado es una variante del press de banca que enfatiza la parte superior del pectoral (pectorales mayores, porci贸n clavicular), tr铆ceps y deltoides anteriores. Se realiza en un banco inclinado (30掳-45掳), empujando una barra o mancuernas desde el pecho hasta la extensi贸n total de los brazos. Es clave mantener un buen control del movimiento y evitar arquear demasiado la espalda. Este ejercicio es ideal para desarrollar un pecho m谩s equilibrado y definido."}}, {"model": "skylimit.entreno", "pk": 8, "fields": {"parte_cuerpo": "chest-right", "nombre": "deck peck", "descripcion": "Ejercicio para trabajar la parte interna del pecho con poleas.", "imagen": "ejercicios/imagenes/cruz1.gif", "video": "", "descripcionEjer": "El cruce de poleas es un ejercicio de aislamiento para los pectorales, especialmente la porci贸n media y baja del pectoral mayor. Se realiza en una m谩quina de poleas ajustables, tirando de los agarres desde los costados hacia el centro del cuerpo en un movimiento de abrazo. Se puede ejecutar con diferentes alturas para enfatizar distintas 谩reas del pecho:\r\n\r\n    Polea alta: trabaja m谩s la parte baja del pectoral.\r\n    Polea media: enfatiza la parte central.\r\n    Polea baja: activa m谩s la parte superior."}}, {"model": "skylimit.entreno", "pk": 9, "fields": {"parte_cuerpo": "shoulder-right", "nombre": "shoulder press", "descripcion": "Ejercicio b谩sico para el desarrollo de los deltoides.", "imagen": "ejercicios/imagenes/pressM.gif", "video": "", "descripcionEjer": "Sujeta una barra o mancuernas a la altura de los hombros y empuja hacia arriba."}}, {"model": "skylimit.entreno", "pk": 10, "fields": {"parte_cuerpo": "shoulder-right", "nombre": "lateral raises", "descripcion": "A铆sla el deltoide lateral.", "imagen": "ejercicios/imagenes/elev.gif", "video": "", "descripcionEjer": "Levanta las mancuernas con los brazos casi rectos hasta la altura de los hombros."}}, {"model": "skylimit.entreno", "pk": 12, "fields": {"parte_cuerpo": "shoulder-left", "nombre": "shoulder press", "descripcion": "Ejercicio b谩sico para el desarrollo de los deltoides.", "imagen": "ejercicios/imagenes/pressM_eJ59VUT.gif", "video": "", "descripcionEjer": "Sujeta una barra o mancuernas a la altura de los hombros y empuja hacia arriba."}}, {"model": "skylimit.entreno", "pk": 13, "fields": {"parte_cuerpo": "shoulder-left", "nombre": "lateral raises", "descripcion": "A铆sla el deltoide lateral.", "imagen": "ejercicios/imagenes/elev_J3ynBaF.gif", "video": "", "descripcionEjer": "Levanta las mancuernas con los brazos casi rectos hasta la altura de los hombros."}}, {"model": "skylimit.entreno", "pk": 14, "fields": {"parte_cuerpo": "shoulder-left", "nombre": "birds", "descripcion": "Enfocado en la parte posterior del deltoides.", "imagen": "ejercicios/imagenes/pajaro_aMYjFjI.gif", "video": "", "descripcionEjer": "Inclina el torso y levanta las mancuernas hacia los lados."}}, {"model": "skylimit.entreno", "pk": 15, "fields": {"parte_cuerpo": "arm-right", "nombre": "biceps curl", "descripcion": "Aislamiento del b铆ceps.", "imagen": "ejercicios/imagenes/curl.gif", "video": "", "descripcionEjer": "Flexiona los codos con control para levantar las pesas."}}, {"model": "skylimit.entreno", "pk": 16, "fields": {"parte_cuerpo": "arm-left", "nombre": "biceps curl", "descripcion": "Aislamiento de biceps", "imagen": "ejercicios/imagenes/curl_dMeqpc7.gif", "video": "", "descripcionEjer": "Flexiona los codos con control para levantar las pesas."}}, {"model": "skylimit.entreno", "pk": 17, "fields": {"parte_cuerpo": "arm-right", "nombre": "curl hammer", "descripcion": "Trabaja el Braquial y el Biceps", "imagen": "ejercicios/imagenes/martillo.gif", "video": "", "descripcionEjer": "Levanta las mancuernas con agarre neutro."}}, {"model": "skylimit.entreno", "pk": 18, "fields": {"parte_cuerpo": "arm-left", "nombre": "curl hammer", "descripcion": "Aisla el braquial y el biceps", "imagen": "ejercicios/imagenes/martillo_nRiPgWX.gif", "video": "", "descripcionEjer": "Levanta las mancuernas con agarre neutro."}}, {"model": "skylimit.entreno", "pk": 19, "fields": {"parte_cuerpo": "forearm-right", "nombre": "curl wrist", "descripcion": "Fortalece los flexores del antebrazo.", "imagen": "ejercicios/imagenes/antebrazo.gif", "video": "", "descripcionEjer": "Flexiona las mu帽ecas con control mientras sostienes una pesa."}}, {"model": "skylimit.entreno", "pk": 20, "fields": {"parte_cuerpo": "forearm-left", "nombre": "curl wrist", "descripcion": "Fortalece los flexores del antebrazo", "imagen": "ejercicios/imagenes/antebrazo_bY9pcIp.gif", "video": "", "descripcionEjer": "Flexiona las mu帽ecas con control mientras sostienes una pesa."}}, {"model": "skylimit.entreno", "pk": 21, "fields": {"parte_cuerpo": "ribs-right", "nombre": "crunch", "descripcion": "Ejercicio cl谩sico de core", "imagen": "ejercicios/imagenes/cru.gif", "video": "", "descripcionEjer": "Eleva el torso sin forzar el cuello."}}, {"model": "skylimit.entreno", "pk": 22, "fields": {"parte_cuerpo": "ribs-left", "nombre": "crunch", "descripcion": "Ejercicio cl谩sico de core", "imagen": "ejercicios/imagenes/cru_h9S0bss.gif", "video": "", "descripcionEjer": "Eleva el torso sin forzar el cuello."}}, {"model": "skylimit.entreno", "pk": 23, "fields": {"parte_cuerpo": "belly", "nombre": "left raises", "descripcion": "Aisla los abdominales inferiores", "imagen": "ejercicios/imagenes/elevP.gif", "video": "", "descripcionEjer": "Eleva las piernas sin balancear el cuerpo."}}, {"model": "skylimit.entreno", "pk": 24, "fields": {"parte_cuerpo": "belly-right", "nombre": "lateral crunch", "descripcion": "Fortalece los oblicuos y el core", "imagen": "ejercicios/imagenes/obli.gif", "video": "", "descripcionEjer": "Mant茅n la postura lateral elevando el tronco como en un crunch tradicional."}}, {"model": "skylimit.entreno", "pk": 25, "fields": {"parte_cuerpo": "belly-left", "nombre": "lateral crunch", "descripcion": "Fortalece los oblicuos y el core", "imagen": "ejercicios/imagenes/obli_im0BKcT.gif", "video": "", "descripcionEjer": "Mant茅n la postura lateral elevando el tronco como en un crunch tradicional."}}, {"model": "skylimit.entreno", "pk": 26, "fields": {"parte_cuerpo": "knee-right", "nombre": "step-up", "descripcion": "Ejercicio funcional para la estabilidad de la rodilla", "imagen": "ejercicios/imagenes/knee.gif", "video": "", "descripcionEjer": "Sube a un banco con una pierna y mant茅n el control al bajar."}}, {"model": "skylimit.entreno", "pk": 27, "fields": {"parte_cuerpo": "knee-left", "nombre": "step-up", "descripcion": "Ejercicio funcional para la estabilidad de la rodilla.", "imagen": "ejercicios/imagenes/knee_9wV4ntS.gif", "video": "", "descripcionEjer": "Sube a un banco con una pierna y mant茅n el control al bajar."}}, {"model": "skylimit.entreno", "pk": 28, "fields": {"parte_cuerpo": "calf-right", "nombre": "rope", "descripcion": "Ejercicio din谩mico para activar los m煤sculos de la pantorrilla.", "imagen": "ejercicios/imagenes/rope.gif", "video": "", "descripcionEjer": "Salta con la cuerda manteniendo una buena postura."}}, {"model": "skylimit.entreno", "pk": 29, "fields": {"parte_cuerpo": "calf-left", "nombre": "rope", "descripcion": "Ejercicio dinamico para la pantorrilla.", "imagen": "ejercicios/imagenes/rope_802Y9p2.gif", "video": "", "descripcionEjer": "Salta con la cuerda manteniendo una buena postura."}}, {"model": "skylimit.entreno", "pk": 31, "fields": {"parte_cuerpo": "tigh-right", "nombre": "squat", "descripcion": "Ejercicio compuesto para fortalecer los m煤sculos del muslo.", "imagen": "ejercicios/imagenes/sentadill_cerr.gif", "video": "", "descripcionEjer": "Realiza una sentadilla con barra o mancuernas manteniendo la espalda recta."}}, {"model": "skylimit.entreno", "pk": 32, "fields": {"parte_cuerpo": "back-right", "nombre": "decline row", "descripcion": "Si quieres fortalecer y ensanchar la espalda, el remo inclinado con barra es uno de los mejores ejercicios para dar amplitud y grosor a la espalda, por eso, en este art铆culo te vamos a mostrar c贸mo hacerlo, sus beneficios y la t茅cnica correcta para aprovechar al m谩ximo sus beneficios.\r\n\r\nLos m煤sculos de la espalda son de los m谩s grandes del cuerpo, por eso hay que realizar los ejercicios adecuados para trabajarlos correctamente, pero siempre con la t茅cnica adecuada.", "imagen": "ejercicios/imagenes/row.webp", "video": "", "descripcionEjer": ""}}, {"model": "skylimit.entreno", "pk": 33, "fields": {"parte_cuerpo": "back-left", "nombre": "decline row", "descripcion": "Si quieres fortalecer y ensanchar la espalda, el remo inclinado con barra es uno de los mejores ejercicios para dar amplitud y grosor a la espalda, por eso, en este art铆culo te vamos a mostrar c贸mo hacerlo, sus beneficios y la t茅cnica correcta para aprovechar al m谩ximo sus beneficios.\r\n\r\nLos m煤sculos de la espalda son de los m谩s grandes del cuerpo, por eso hay que realizar los ejercicios adecuados para trabajarlos correctamente, pero siempre con la t茅cnica adecuada.", "imagen": "ejercicios/imagenes/row_v6LLaz6.webp", "video": "", "descripcionEjer": ""}}, {"model": "skylimit.entreno", "pk": 34, "fields": {"parte_cuerpo": "clavicule-left", "nombre": "decline row", "descripcion": "Si quieres fortalecer y ensanchar la espalda, el remo inclinado con barra es uno de los mejores ejercicios para dar amplitud y grosor a la espalda, por eso, en este art铆culo te vamos a mostrar c贸mo hacerlo, sus beneficios y la t茅cnica correcta para aprovechar al m谩ximo sus beneficios.\r\n\r\nLos m煤sculos de la espalda son de los m谩s grandes del cuerpo, por eso hay que realizar los ejercicios adecuados para trabajarlos correctamente, pero siempre con la t茅cnica adecuada.", "imagen": "ejercicios/imagenes/row_DGzQIGF.webp", "video": "", "descripcionEjer": ""}}, {"model": "skylimit.entreno", "pk": 35, "fields": {"parte_cuerpo": "clavicule-right", "nombre": "decline row", "descripcion": "Si quieres fortalecer y ensanchar la espalda, el remo inclinado con barra es uno de los mejores ejercicios para dar amplitud y grosor a la espalda, por eso, en este art铆culo te vamos a mostrar c贸mo hacerlo, sus beneficios y la t茅cnica correcta para aprovechar al m谩ximo sus beneficios.\r\n\r\nLos m煤sculos de la espalda son de los m谩s grandes del cuerpo, por eso hay que realizar los ejercicios adecuados para trabajarlos correctamente, pero siempre con la t茅cnica adecuada.", "imagen": "ejercicios/imagenes/row_IBrxK3G.webp", "video": "", "descripcionEjer": ""}}, {"model": "sites.site", "pk": 1, "fields": {"domain": "127.0.0.1:8000", "name": "Localhost"}}, {"model": "account.emailaddress", "pk": 12, "fields": {"user": 35, "email": "a.gonzalo_10@hotmail.es", "verified": true, "primary": true}}, {"model": "account.emailaddress", "pk": 13, "fields": {"user": 36, "email": "desarrolloskylimit@gmail.com", "verified": true, "primary": true}}, {"model": "socialaccount.socialapp", "pk": 2, "fields": {"provider": "google", "provider_id": "", "name": "Google App", "client_id": "926215489272-23mue7tjj3u81iiichqlvrhu8j3m4skq.apps.googleusercontent.com", "secret": "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", "key": "", "settings": {}, "sites": [1]}}, {"model": "socialaccount.socialaccount", "pk": 12, "fields": {"user": 35, "provider": "google", "uid": "107344967141418526324", "last_login": "2025-07-12T12:11:44.596Z", "date_joined": "2025-01-22T19:01:36.985Z", "extra_data": {"aud": "926215489272-23mue7tjj3u81iiichqlvrhu8j3m4skq.apps.googleusercontent.com", "azp": "926215489272-23mue7tjj3u81iiichqlvrhu8j3m4skq.apps.googleusercontent.com", "exp": 1752325904, "iat": 1752322304, "iss": "https://accounts.google.com", "sub": "107344967141418526324", "name": "Aitor Gonzalo", "email": "A.gonzalo_10@hotmail.es", "at_hash": "1GGjSXXrhJcZ2H5B5SLw0Q", "picture": "https://lh3.googleusercontent.com/a/ACg8ocL5JdMIKPQEDSFmJWXJFlxVSUJibTtslIeQtF7RRKeVex_TnA=s96-c", "given_name": "Aitor", "family_name": "Gonzalo", "email_verified": true}}}, {"model": "socialaccount.socialaccount", "pk": 13, "fields": {"user": 36, "provider": "google", "uid": "116558375332352911821", "last_login": "2025-07-14T07:48:39.292Z", "date_joined": "2025-01-22T19:01:47.047Z", "extra_data": {"aud": "926215489272-23mue7tjj3u81iiichqlvrhu8j3m4skq.apps.googleusercontent.com", "azp": "926215489272-23mue7tjj3u81iiichqlvrhu8j3m4skq.apps.googleusercontent.com", "exp": 1752482920, "iat": 1752479320, "iss": "https://accounts.google.com", "sub": "116558375332352911821", "name": "SkyLimit", "email": "desarrolloskylimit@gmail.com", "at_hash": "H0WsOSSAjwQmsxTGGel0eA", "picture": "https://lh3.googleusercontent.com/a/ACg8ocK9qD88IR3ZN3rDpxwJ644iEYGNNFW-yzcKwk1InhCll0TU=s96-c", "given_name": "SkyLimit", "email_verified": true}}}]